Sno,Date,Time,State/UnionTerritory,ConfirmedIndianNational,ConfirmedForeignNational,Cured,Deaths,Confirmed
1,30/01/20,6:00 PM,Kerala,1,0,0,0,1
2,31/01/20,6:00 PM,Kerala,1,0,0,0,1
3,01/02/20,6:00 PM,Kerala,2,0,0,0,2
4,02/02/20,6:00 PM,Kerala,3,0,0,0,3
5,03/02/20,6:00 PM,Kerala,3,0,0,0,3
6,04/02/20,6:00 PM,Kerala,3,0,0,0,3
7,05/02/20,6:00 PM,Kerala,3,0,0,0,3
8,06/02/20,6:00 PM,Kerala,3,0,0,0,3
9,07/02/20,6:00 PM,Kerala,3,0,0,0,3
10,08/02/20,6:00 PM,Kerala,3,0,0,0,3
11,09/02/20,6:00 PM,Kerala,3,0,0,0,3
12,10/02/20,6:00 PM,Kerala,3,0,0,0,3
13,11/02/20,6:00 PM,Kerala,3,0,0,0,3
14,12/02/20,6:00 PM,Kerala,3,0,0,0,3
15,13/02/20,6:00 PM,Kerala,3,0,0,0,3
16,14/02/20,6:00 PM,Kerala,3,0,0,0,3
17,15/02/20,6:00 PM,Kerala,3,0,0,0,3
18,16/02/20,6:00 PM,Kerala,3,0,0,0,3
19,17/02/20,6:00 PM,Kerala,3,0,0,0,3
20,18/02/20,6:00 PM,Kerala,3,0,0,0,3
21,19/02/20,6:00 PM,Kerala,3,0,0,0,3
22,20/02/20,6:00 PM,Kerala,3,0,0,0,3
23,21/02/20,6:00 PM,Kerala,3,0,0,0,3
24,22/02/20,6:00 PM,Kerala,3,0,0,0,3
25,23/02/20,6:00 PM,Kerala,3,0,0,0,3
26,24/02/20,6:00 PM,Kerala,3,0,0,0,3
27,25/02/20,6:00 PM,Kerala,3,0,0,0,3
28,26/02/20,6:00 PM,Kerala,3,0,0,0,3
29,27/02/20,6:00 PM,Kerala,3,0,0,0,3
30,28/02/20,6:00 PM,Kerala,3,0,0,0,3
31,29/02/20,6:00 PM,Kerala,3,0,0,0,3
32,01/03/20,6:00 PM,Kerala,3,0,0,0,3
33,02/03/20,6:00 PM,Telengana,1,0,0,0,1
34,02/03/20,6:00 PM,Kerala,3,0,0,0,3
35,02/03/20,6:00 PM,Delhi,1,0,0,0,1
36,03/03/20,6:00 PM,Telengana,1,0,0,0,1
37,03/03/20,6:00 PM,Rajasthan,0,1,0,0,1
38,03/03/20,6:00 PM,Kerala,3,0,3,0,3
39,03/03/20,6:00 PM,Delhi,1,0,0,0,1
40,04/03/20,6:00 PM,Uttar Pradesh,6,0,0,0,6
41,04/03/20,6:00 PM,Kerala,3,0,3,0,3
42,04/03/20,6:00 PM,Haryana,0,2,0,0,2
43,04/03/20,6:00 PM,Delhi,1,0,0,0,1
44,04/03/20,6:00 PM,Telengana,1,0,0,0,1
45,04/03/20,6:00 PM,Rajasthan,1,14,0,0,15
46,05/03/20,6:00 PM,Delhi,2,0,0,0,2
47,05/03/20,6:00 PM,Haryana,0,2,0,0,2
48,05/03/20,6:00 PM,Kerala,3,0,3,0,3
49,05/03/20,6:00 PM,Rajasthan,1,14,0,0,15
50,05/03/20,6:00 PM,Telengana,1,0,0,0,1
51,05/03/20,6:00 PM,Uttar Pradesh,7,0,0,0,7
52,06/03/20,6:00 PM,Delhi,3,0,0,0,3
53,06/03/20,6:00 PM,Haryana,0,2,0,0,2
54,06/03/20,6:00 PM,Kerala,3,0,3,0,3
55,06/03/20,6:00 PM,Rajasthan,1,14,0,0,15
56,06/03/20,6:00 PM,Uttar Pradesh,7,0,0,0,7
57,06/03/20,6:00 PM,Telengana,1,0,0,0,1
58,07/03/20,6:00 PM,Kerala,3,0,3,0,3
59,07/03/20,6:00 PM,Uttar Pradesh,7,0,0,0,7
60,07/03/20,6:00 PM,Ladakh,2,0,0,0,2
61,07/03/20,6:00 PM,Telengana,1,0,0,0,1
62,07/03/20,6:00 PM,Tamil Nadu,1,0,0,0,1
63,07/03/20,6:00 PM,Delhi,3,0,0,0,3
64,07/03/20,6:00 PM,Haryana,0,2,0,0,2
65,07/03/20,6:00 PM,Rajasthan,1,14,0,0,15
66,08/03/20,6:00 PM,Ladakh,2,0,0,0,2
67,08/03/20,6:00 PM,Telengana,1,0,0,0,1
68,08/03/20,6:00 PM,Tamil Nadu,1,0,0,0,1
69,08/03/20,6:00 PM,Rajasthan,1,14,0,0,15
70,08/03/20,6:00 PM,Kerala,8,0,3,0,8
71,08/03/20,6:00 PM,Haryana,0,2,0,0,2
72,08/03/20,6:00 PM,Delhi,3,0,0,0,3
73,08/03/20,6:00 PM,Uttar Pradesh,7,0,0,0,7
74,09/03/20,6:00 PM,Ladakh,2,0,0,0,2
75,09/03/20,6:00 PM,Karnataka,1,0,0,0,1
76,09/03/20,6:00 PM,Kerala,9,0,3,0,9
77,09/03/20,6:00 PM,Maharashtra,2,0,0,0,2
78,09/03/20,6:00 PM,Punjab,1,0,0,0,1
79,09/03/20,6:00 PM,Rajasthan,1,14,0,0,15
80,09/03/20,6:00 PM,Tamil Nadu,1,0,0,0,1
81,09/03/20,6:00 PM,Telengana,1,0,0,0,1
82,09/03/20,6:00 PM,Jammu and Kashmir,1,0,0,0,1
83,09/03/20,6:00 PM,Uttar Pradesh,7,0,0,0,7
84,09/03/20,6:00 PM,Haryana,0,2,0,0,2
85,09/03/20,6:00 PM,Delhi,4,0,0,0,4
86,10/03/20,6:00 PM,Uttar Pradesh,7,0,0,0,7
87,10/03/20,6:00 PM,Ladakh,2,0,0,0,2
88,10/03/20,6:00 PM,Delhi,4,0,0,0,4
89,10/03/20,6:00 PM,Haryana,0,2,0,0,2
90,10/03/20,6:00 PM,Karnataka,4,0,0,0,4
91,10/03/20,6:00 PM,Kerala,15,0,3,0,15
92,10/03/20,6:00 PM,Maharashtra,5,0,0,0,5
93,10/03/20,6:00 PM,Punjab,1,0,0,0,1
94,10/03/20,6:00 PM,Rajasthan,1,14,0,0,15
95,10/03/20,6:00 PM,Tamil Nadu,1,0,0,0,1
96,10/03/20,6:00 PM,Telengana,1,0,0,0,1
97,10/03/20,6:00 PM,Jammu and Kashmir,1,0,0,0,1
98,11/03/20,6:00 PM,Maharashtra,2,0,0,0,2
99,11/03/20,6:00 PM,Delhi,5,0,0,0,5
100,11/03/20,6:00 PM,Haryana,0,14,0,0,14
101,11/03/20,6:00 PM,Kerala,17,0,3,0,17
102,11/03/20,6:00 PM,Rajasthan,1,2,0,0,3
103,11/03/20,6:00 PM,Telengana,1,0,0,0,1
104,11/03/20,6:00 PM,Uttar Pradesh,9,0,0,0,9
105,11/03/20,6:00 PM,Ladakh,2,0,0,0,2
106,11/03/20,6:00 PM,Tamil Nadu,1,0,0,0,1
107,11/03/20,6:00 PM,Jammu and Kashmir,1,0,0,0,1
108,11/03/20,6:00 PM,Punjab,1,0,0,0,1
109,11/03/20,6:00 PM,Karnataka,4,0,0,0,4
110,12/03/20,6:00 PM,Delhi,6,0,0,0,6
111,12/03/20,6:00 PM,Haryana,0,14,0,0,14
112,12/03/20,6:00 PM,Kerala,17,0,3,0,17
113,12/03/20,6:00 PM,Rajasthan,1,2,0,0,3
114,12/03/20,6:00 PM,Telengana,1,0,0,0,1
115,12/03/20,6:00 PM,Uttar Pradesh,10,1,0,0,11
116,12/03/20,6:00 PM,Ladakh,3,0,0,0,3
117,12/03/20,6:00 PM,Tamil Nadu,1,0,0,0,1
118,12/03/20,6:00 PM,Jammu and Kashmir,1,0,0,0,1
119,12/03/20,6:00 PM,Punjab,1,0,0,0,1
120,12/03/20,6:00 PM,Karnataka,4,0,0,0,4
121,12/03/20,6:00 PM,Maharashtra,11,0,0,0,11
122,12/03/20,6:00 PM,Andhra Pradesh,1,0,0,0,1
123,13/03/20,6:00 PM,Delhi,6,0,0,0,6
124,13/03/20,6:00 PM,Haryana,0,14,0,0,14
125,13/03/20,6:00 PM,Kerala,19,0,3,0,19
126,13/03/20,6:00 PM,Rajasthan,1,2,0,0,3
127,13/03/20,6:00 PM,Telengana,1,0,0,0,1
128,13/03/20,6:00 PM,Uttar Pradesh,10,1,0,0,11
129,13/03/20,6:00 PM,Ladakh,3,0,0,0,3
130,13/03/20,6:00 PM,Tamil Nadu,1,0,0,0,1
131,13/03/20,6:00 PM,Jammu and Kashmir,1,0,0,0,1
132,13/03/20,6:00 PM,Punjab,1,0,0,0,1
133,13/03/20,6:00 PM,Karnataka,6,0,0,1,6
134,13/03/20,6:00 PM,Maharashtra,14,0,0,0,14
135,13/03/20,6:00 PM,Andhra Pradesh,1,0,0,0,1
136,14/03/20,6:00 PM,Delhi,7,0,1,1,7
137,14/03/20,6:00 PM,Haryana,0,14,0,0,14
138,14/03/20,6:00 PM,Kerala,19,0,3,0,19
139,14/03/20,6:00 PM,Rajasthan,1,2,1,0,3
140,14/03/20,6:00 PM,Telengana,1,0,0,0,1
141,14/03/20,6:00 PM,Uttar Pradesh,11,1,5,0,12
142,14/03/20,6:00 PM,Ladakh,3,0,0,0,3
143,14/03/20,6:00 PM,Tamil Nadu,1,0,0,0,1
144,14/03/20,6:00 PM,Jammu and Kashmir,2,0,0,0,2
145,14/03/20,6:00 PM,Punjab,1,0,0,0,1
146,14/03/20,6:00 PM,Karnataka,6,0,0,1,6
147,14/03/20,6:00 PM,Maharashtra,14,0,0,0,14
148,14/03/20,6:00 PM,Andhra Pradesh,1,0,0,0,1
149,15/03/20,6:00 PM,Andhra Pradesh,1,0,0,0,1
150,15/03/20,6:00 PM,Delhi,7,0,2,1,7
151,15/03/20,6:00 PM,Haryana,0,14,0,0,14
152,15/03/20,6:00 PM,Karnataka,6,0,0,1,6
153,15/03/20,6:00 PM,Kerala,22,0,3,0,22
154,15/03/20,6:00 PM,Maharashtra,32,0,0,0,32
155,15/03/20,6:00 PM,Punjab,1,0,0,0,1
156,15/03/20,6:00 PM,Rajasthan,2,2,3,0,4
157,15/03/20,6:00 PM,Tamil Nadu,1,0,0,0,1
158,15/03/20,6:00 PM,Telengana,3,0,1,0,3
159,15/03/20,6:00 PM,Jammu and Kashmir,2,0,0,0,2
160,15/03/20,6:00 PM,Ladakh,3,0,0,0,3
161,15/03/20,6:00 PM,Uttar Pradesh,12,1,4,0,13
162,15/03/20,6:00 PM,Uttarakhand,1,0,0,0,1
163,16/03/20,6:00 PM,Andhra Pradesh,1,0,0,0,1
164,16/03/20,6:00 PM,Delhi,7,0,2,1,7
165,16/03/20,6:00 PM,Haryana,0,14,0,0,14
166,16/03/20,6:00 PM,Karnataka,6,0,0,1,6
167,16/03/20,6:00 PM,Kerala,23,0,3,0,23
168,16/03/20,6:00 PM,Maharashtra,32,0,0,0,32
169,16/03/20,6:00 PM,Odisha,1,0,0,0,1
170,16/03/20,6:00 PM,Punjab,1,0,0,0,1
171,16/03/20,6:00 PM,Rajasthan,2,2,3,0,4
172,16/03/20,6:00 PM,Tamil Nadu,1,0,0,0,1
173,16/03/20,6:00 PM,Telengana,3,0,1,0,3
174,16/03/20,6:00 PM,Jammu and Kashmir,3,0,0,0,3
175,16/03/20,6:00 PM,Ladakh,4,0,0,0,4
176,16/03/20,6:00 PM,Uttar Pradesh,12,1,4,0,13
177,16/03/20,6:00 PM,Uttarakhand,1,0,0,0,1
178,17/03/20,6:00 PM,Andhra Pradesh,1,0,0,0,1
179,17/03/20,6:00 PM,Delhi,8,0,2,1,8
180,17/03/20,6:00 PM,Haryana,1,14,0,0,15
181,17/03/20,6:00 PM,Karnataka,11,0,0,1,11
182,17/03/20,6:00 PM,Kerala,24,2,3,0,26
183,17/03/20,6:00 PM,Maharashtra,36,3,0,1,39
184,17/03/20,6:00 PM,Odisha,1,0,0,0,1
185,17/03/20,6:00 PM,Punjab,1,0,0,0,1
186,17/03/20,6:00 PM,Rajasthan,2,2,3,0,4
187,17/03/20,6:00 PM,Tamil Nadu,1,0,0,0,1
188,17/03/20,6:00 PM,Telengana,3,2,1,0,5
189,17/03/20,6:00 PM,Jammu and Kashmir,3,0,0,0,3
190,17/03/20,6:00 PM,Ladakh,6,0,0,0,6
191,17/03/20,6:00 PM,Uttar Pradesh,14,1,5,0,15
192,17/03/20,6:00 PM,Uttarakhand,1,0,0,0,1
193,18/03/20,6:00 PM,Andhra Pradesh,1,0,0,0,1
194,18/03/20,6:00 PM,Delhi,9,1,2,1,10
195,18/03/20,6:00 PM,Haryana,3,14,0,0,17
196,18/03/20,6:00 PM,Karnataka,11,0,0,1,11
197,18/03/20,6:00 PM,Kerala,25,2,3,0,27
198,18/03/20,6:00 PM,Maharashtra,39,3,0,1,42
199,18/03/20,6:00 PM,Odisha,1,0,0,0,1
200,18/03/20,6:00 PM,Puducherry,1,0,0,0,1
201,18/03/20,6:00 PM,Punjab,1,0,0,0,1
202,18/03/20,6:00 PM,Rajasthan,2,2,3,0,4
203,18/03/20,6:00 PM,Tamil Nadu,1,0,0,0,1
204,18/03/20,6:00 PM,Telengana,4,2,1,0,6
205,18/03/20,6:00 PM,Jammu and Kashmir,3,0,0,0,3
206,18/03/20,6:00 PM,Ladakh,8,0,0,0,8
207,18/03/20,6:00 PM,Uttar Pradesh,15,1,5,0,16
208,18/03/20,6:00 PM,Uttarakhand,1,0,0,0,1
209,18/03/20,6:00 PM,West Bengal,1,0,0,0,1
210,19/03/20,6:00 PM,Andhra Pradesh,2,0,0,0,2
211,19/03/20,6:00 PM,Chhattisgarh,1,0,0,0,1
212,19/03/20,6:00 PM,Delhi,11,1,3,1,12
213,19/03/20,6:00 PM,Haryana,3,14,0,0,17
214,19/03/20,6:00 PM,Karnataka,14,0,0,1,14
215,19/03/20,6:00 PM,Kerala,25,2,3,0,27
216,19/03/20,6:00 PM,Maharashtra,44,3,0,1,47
217,19/03/20,6:00 PM,Odisha,1,0,0,0,1
218,19/03/20,6:00 PM,Puducherry,1,0,0,0,1
219,19/03/20,6:00 PM,Punjab,2,0,0,1,2
220,19/03/20,6:00 PM,Rajasthan,5,2,3,0,7
221,19/03/20,6:00 PM,Tamil Nadu,2,0,1,0,2
222,19/03/20,6:00 PM,Telengana,4,2,1,0,6
223,19/03/20,6:00 PM,Chandigarh,1,0,0,0,1
224,19/03/20,6:00 PM,Jammu and Kashmir,4,0,0,0,4
225,19/03/20,6:00 PM,Ladakh,8,0,0,0,8
226,19/03/20,6:00 PM,Uttar Pradesh,18,1,9,0,19
227,19/03/20,6:00 PM,Uttarakhand,1,0,0,0,1
228,19/03/20,6:00 PM,West Bengal,1,0,0,0,1
229,20/03/20,6:00 PM,Andhra Pradesh,3,0,0,0,3
230,20/03/20,6:00 PM,Chhattisgarh,1,0,0,0,1
231,20/03/20,6:00 PM,Delhi,16,1,5,1,17
232,20/03/20,6:00 PM,Gujarat,5,0,0,0,5
233,20/03/20,6:00 PM,Haryana,3,14,0,0,17
234,20/03/20,6:00 PM,Karnataka,15,0,1,1,15
235,20/03/20,6:00 PM,Kerala,26,2,3,0,28
236,20/03/20,6:00 PM,Maharashtra,49,3,0,1,52
237,20/03/20,6:00 PM,Odisha,2,0,0,0,2
238,20/03/20,6:00 PM,Puducherry,1,0,0,0,1
239,20/03/20,6:00 PM,Punjab,2,0,0,1,2
240,20/03/20,6:00 PM,Rajasthan,15,2,3,0,17
241,20/03/20,6:00 PM,Tamil Nadu,3,0,1,0,3
242,20/03/20,6:00 PM,Telengana,8,9,1,0,17
243,20/03/20,6:00 PM,Chandigarh,1,0,0,0,1
244,20/03/20,6:00 PM,Jammu and Kashmir,4,0,0,0,4
245,20/03/20,6:00 PM,Ladakh,10,0,0,0,10
246,20/03/20,6:00 PM,Uttar Pradesh,22,1,9,0,23
247,20/03/20,6:00 PM,Uttarakhand,3,0,0,0,3
248,20/03/20,6:00 PM,West Bengal,2,0,0,0,2
249,21/03/20,6:00 PM,Andhra Pradesh,3,0,0,0,3
250,21/03/20,6:00 PM,Chhattisgarh,1,0,0,0,1
251,21/03/20,6:00 PM,Delhi,25,1,5,1,26
252,21/03/20,6:00 PM,Gujarat,7,0,0,0,7
253,21/03/20,6:00 PM,Haryana,3,14,0,0,17
254,21/03/20,6:00 PM,Himachal Pradesh,2,0,0,0,2
255,21/03/20,6:00 PM,Karnataka,15,0,1,1,15
256,21/03/20,6:00 PM,Kerala,33,7,3,0,40
257,21/03/20,6:00 PM,Madhya Pradesh,4,0,0,0,4
258,21/03/20,6:00 PM,Maharashtra,60,3,0,1,63
259,21/03/20,6:00 PM,Odisha,2,0,0,0,2
260,21/03/20,6:00 PM,Puducherry,1,0,0,0,1
261,21/03/20,6:00 PM,Punjab,13,0,0,1,13
262,21/03/20,6:00 PM,Rajasthan,15,2,3,0,17
263,21/03/20,6:00 PM,Tamil Nadu,3,0,1,0,3
264,21/03/20,6:00 PM,Telengana,10,11,1,0,21
265,21/03/20,6:00 PM,Chandigarh,1,0,0,0,1
266,21/03/20,6:00 PM,Jammu and Kashmir,4,0,0,0,4
267,21/03/20,6:00 PM,Ladakh,13,0,0,0,13
268,21/03/20,6:00 PM,Uttar Pradesh,23,1,9,0,24
269,21/03/20,6:00 PM,Uttarakhand,3,0,0,0,3
270,21/03/20,6:00 PM,West Bengal,3,0,0,0,3
271,22/03/20,6:00 PM,Andhra Pradesh,5,0,0,0,5
272,22/03/20,6:00 PM,Bihar,2,0,0,1,2
273,22/03/20,6:00 PM,Chhattisgarh,1,0,0,0,1
274,22/03/20,6:00 PM,Delhi,28,1,5,1,29
275,22/03/20,6:00 PM,Gujarat,18,0,0,1,18
276,22/03/20,6:00 PM,Haryana,7,14,0,0,21
277,22/03/20,6:00 PM,Himachal Pradesh,2,0,0,0,2
278,22/03/20,6:00 PM,Karnataka,26,0,2,1,26
279,22/03/20,6:00 PM,Kerala,45,7,3,0,52
280,22/03/20,6:00 PM,Madhya Pradesh,4,0,0,0,4
281,22/03/20,6:00 PM,Maharashtra,64,3,0,2,67
282,22/03/20,6:00 PM,Odisha,2,0,0,0,2
283,22/03/20,6:00 PM,Puducherry,1,0,0,0,1
284,22/03/20,6:00 PM,Punjab,21,0,0,1,21
285,22/03/20,6:00 PM,Rajasthan,22,2,3,0,24
286,22/03/20,6:00 PM,Tamil Nadu,5,2,1,0,7
287,22/03/20,6:00 PM,Telengana,11,11,1,0,22
288,22/03/20,6:00 PM,Chandigarh,5,0,0,0,5
289,22/03/20,6:00 PM,Jammu and Kashmir,4,0,0,0,4
290,22/03/20,6:00 PM,Ladakh,13,0,0,0,13
291,22/03/20,6:00 PM,Uttar Pradesh,26,1,9,0,27
292,22/03/20,6:00 PM,Uttarakhand,3,0,0,0,3
293,22/03/20,6:00 PM,West Bengal,4,0,0,0,4
294,23/03/20,6:00 PM,Andhra Pradesh,7,0,0,0,7
295,23/03/20,6:00 PM,Bihar,2,0,0,1,2
296,23/03/20,6:00 PM,Chhattisgarh,1,0,0,0,1
297,23/03/20,6:00 PM,Delhi,28,1,5,1,29
298,23/03/20,6:00 PM,Gujarat,29,0,0,1,29
299,23/03/20,6:00 PM,Haryana,12,14,0,0,26
300,23/03/20,6:00 PM,Himachal Pradesh,2,0,0,0,2
301,23/03/20,6:00 PM,Karnataka,33,0,2,1,33
302,23/03/20,6:00 PM,Kerala,60,7,3,0,67
303,23/03/20,6:00 PM,Madhya Pradesh,6,0,0,0,6
304,23/03/20,6:00 PM,Maharashtra,71,3,0,2,74
305,23/03/20,6:00 PM,Odisha,2,0,0,0,2
306,23/03/20,6:00 PM,Puducherry,1,0,0,0,1
307,23/03/20,6:00 PM,Punjab,21,0,0,1,21
308,23/03/20,6:00 PM,Rajasthan,26,2,3,0,28
309,23/03/20,6:00 PM,Tamil Nadu,7,2,1,0,9
310,23/03/20,6:00 PM,Telengana,22,10,1,0,32
311,23/03/20,6:00 PM,Chandigarh,6,0,0,0,6
312,23/03/20,6:00 PM,Jammu and Kashmir,4,0,0,0,4
313,23/03/20,6:00 PM,Ladakh,13,0,0,0,13
314,23/03/20,6:00 PM,Uttar Pradesh,30,1,9,0,31
315,23/03/20,6:00 PM,Uttarakhand,3,0,0,0,3
316,23/03/20,6:00 PM,West Bengal,7,0,0,0,7
317,24/03/20,6:00 PM,Andhra Pradesh,8,0,0,0,8
318,24/03/20,6:00 PM,Bihar,3,0,0,1,3
319,24/03/20,6:00 PM,Chhattisgarh,1,0,0,0,1
320,24/03/20,6:00 PM,Delhi,29,1,6,1,30
321,24/03/20,6:00 PM,Gujarat,32,1,0,1,33
322,24/03/20,6:00 PM,Haryana,14,14,11,0,28
323,24/03/20,6:00 PM,Himachal Pradesh,3,0,0,1,3
324,24/03/20,6:00 PM,Karnataka,37,0,3,1,37
325,24/03/20,6:00 PM,Kerala,87,8,4,0,95
326,24/03/20,6:00 PM,Madhya Pradesh,7,0,0,0,7
327,24/03/20,6:00 PM,Maharashtra,86,3,0,2,89
328,24/03/20,6:00 PM,Manipur,1,0,0,0,1
329,24/03/20,6:00 PM,Odisha,2,0,0,0,2
330,24/03/20,6:00 PM,Puducherry,1,0,0,0,1
331,24/03/20,6:00 PM,Punjab,29,0,0,1,29
332,24/03/20,6:00 PM,Rajasthan,30,2,3,0,32
333,24/03/20,6:00 PM,Tamil Nadu,13,2,1,0,15
334,24/03/20,6:00 PM,Telengana,25,10,1,0,35
335,24/03/20,6:00 PM,Chandigarh,7,0,0,0,7
336,24/03/20,6:00 PM,Jammu and Kashmir,4,0,0,0,4
337,24/03/20,6:00 PM,Ladakh,13,0,0,0,13
338,24/03/20,6:00 PM,Uttar Pradesh,32,1,11,0,33
339,24/03/20,6:00 PM,Uttarakhand,3,1,0,0,4
340,24/03/20,6:00 PM,West Bengal,9,0,0,1,9
341,25/03/20,6:00 PM,Andhra Pradesh,9,0,1,0,9
342,25/03/20,6:00 PM,Bihar,4,0,0,1,4
343,25/03/20,6:00 PM,Chhattisgarh,1,0,0,0,1
344,25/03/20,6:00 PM,Delhi,30,1,6,1,31
345,25/03/20,6:00 PM,Gujarat,37,1,0,1,38
346,25/03/20,6:00 PM,Haryana,14,14,11,0,28
347,25/03/20,6:00 PM,Himachal Pradesh,3,0,0,1,3
348,25/03/20,6:00 PM,Karnataka,41,0,3,1,41
349,25/03/20,6:00 PM,Kerala,101,8,4,0,109
350,25/03/20,6:00 PM,Madhya Pradesh,14,0,0,0,14
351,25/03/20,6:00 PM,Maharashtra,125,3,1,3,128
352,25/03/20,6:00 PM,Manipur,1,0,0,0,1
353,25/03/20,6:00 PM,Mizoram,1,0,0,0,1
354,25/03/20,6:00 PM,Odisha,2,0,0,0,2
355,25/03/20,6:00 PM,Puducherry,1,0,0,0,1
356,25/03/20,6:00 PM,Punjab,29,0,0,1,29
357,25/03/20,6:00 PM,Rajasthan,34,2,3,0,36
358,25/03/20,6:00 PM,Tamil Nadu,16,2,1,0,18
359,25/03/20,6:00 PM,Telengana,25,10,1,0,35
360,25/03/20,6:00 PM,Chandigarh,7,0,0,0,7
361,25/03/20,6:00 PM,Jammu and Kashmir,7,0,1,0,7
362,25/03/20,6:00 PM,Ladakh,13,0,0,0,13
363,25/03/20,6:00 PM,Uttar Pradesh,36,1,11,0,37
364,25/03/20,6:00 PM,Uttarakhand,3,1,0,0,4
365,25/03/20,6:00 PM,West Bengal,9,0,0,1,9
366,26/03/20,6:00 PM,Andaman and Nicobar Islands,1,0,0,0,1
367,26/03/20,6:00 PM,Andhra Pradesh,11,0,1,0,11
368,26/03/20,6:00 PM,Bihar,6,0,0,1,6
369,26/03/20,6:00 PM,Chandigarh,7,0,0,0,7
370,26/03/20,6:00 PM,Chhattisgarh,6,0,0,0,6
371,26/03/20,6:00 PM,Delhi,35,1,6,1,36
372,26/03/20,6:00 PM,Goa,3,0,0,0,3
373,26/03/20,6:00 PM,Gujarat,42,1,0,3,43
374,26/03/20,6:00 PM,Haryana,16,14,11,0,30
375,26/03/20,6:00 PM,Himachal Pradesh,3,0,0,1,3
376,26/03/20,6:00 PM,Jammu and Kashmir,13,0,1,0,13
377,26/03/20,6:00 PM,Karnataka,55,0,3,2,55
378,26/03/20,6:00 PM,Kerala,110,8,6,0,118
379,26/03/20,6:00 PM,Ladakh,13,0,0,0,13
380,26/03/20,6:00 PM,Madhya Pradesh,20,0,0,1,20
381,26/03/20,6:00 PM,Maharashtra,121,3,1,3,124
382,26/03/20,6:00 PM,Manipur,1,0,0,0,1
383,26/03/20,6:00 PM,Mizoram,1,0,0,0,1
384,26/03/20,6:00 PM,Odisha,2,0,0,0,2
385,26/03/20,6:00 PM,Puducherry,1,0,0,0,1
386,26/03/20,6:00 PM,Punjab,33,0,0,1,33
387,26/03/20,6:00 PM,Rajasthan,39,2,3,0,41
388,26/03/20,6:00 PM,Tamil Nadu,20,6,1,1,26
389,26/03/20,6:00 PM,Telengana,34,10,1,0,44
390,26/03/20,6:00 PM,Uttarakhand,4,1,0,0,5
391,26/03/20,6:00 PM,Uttar Pradesh,40,1,11,0,41
392,26/03/20,6:00 PM,West Bengal,10,0,0,1,10
393,27/03/20,10:00 AM,Andaman and Nicobar Islands,1,0,0,0,1
394,27/03/20,10:00 AM,Andhra Pradesh,12,0,1,0,12
395,27/03/20,10:00 AM,Bihar,6,0,0,1,6
396,27/03/20,10:00 AM,Chandigarh,7,0,0,0,7
397,27/03/20,10:00 AM,Chhattisgarh,6,0,0,0,6
398,27/03/20,10:00 AM,Delhi,35,1,6,1,36
399,27/03/20,10:00 AM,Goa,3,0,0,0,3
400,27/03/20,10:00 AM,Gujarat,42,1,0,3,43
401,27/03/20,10:00 AM,Haryana,16,14,11,0,30
402,27/03/20,10:00 AM,Himachal Pradesh,3,0,0,1,3
403,27/03/20,10:00 AM,Jammu and Kashmir,13,0,1,1,13
404,27/03/20,10:00 AM,Karnataka,55,0,3,2,55
405,27/03/20,10:00 AM,Kerala,129,8,11,0,137
406,27/03/20,10:00 AM,Ladakh,13,0,3,0,13
407,27/03/20,10:00 AM,Madhya Pradesh,20,0,0,1,20
408,27/03/20,10:00 AM,Maharashtra,127,3,15,4,130
409,27/03/20,10:00 AM,Manipur,1,0,0,0,1
410,27/03/20,10:00 AM,Mizoram,1,0,0,0,1
411,27/03/20,10:00 AM,Odisha,2,0,0,0,2
412,27/03/20,10:00 AM,Puducherry,1,0,0,0,1
413,27/03/20,10:00 AM,Punjab,33,0,0,1,33
414,27/03/20,10:00 AM,Rajasthan,39,2,3,0,41
415,27/03/20,10:00 AM,Tamil Nadu,23,6,1,1,29
416,27/03/20,10:00 AM,Telengana,35,10,1,0,45
417,27/03/20,10:00 AM,Uttarakhand,4,1,0,0,5
418,27/03/20,10:00 AM,Uttar Pradesh,40,1,11,0,41
419,27/03/20,10:00 AM,West Bengal,10,0,0,1,10
420,28/03/20,6:00 PM,Andhra Pradesh,14,0,1,0,14
421,28/03/20,6:00 PM,Andaman and Nicobar Islands,6,0,0,0,6
422,28/03/20,6:00 PM,Bihar,9,0,0,1,9
423,28/03/20,6:00 PM,Chandigarh,8,0,0,0,8
424,28/03/20,6:00 PM,Chhattisgarh,6,0,0,0,6
425,28/03/20,6:00 PM,Delhi,38,1,6,1,39
426,28/03/20,6:00 PM,Goa,3,0,0,0,3
427,28/03/20,6:00 PM,Gujarat,44,1,0,3,45
428,28/03/20,6:00 PM,Haryana,19,14,12,0,33
429,28/03/20,6:00 PM,Himachal Pradesh,3,0,0,1,3
430,28/03/20,6:00 PM,Jammu and Kashmir,20,0,1,1,20
431,28/03/20,6:00 PM,Karnataka,55,0,3,2,55
432,28/03/20,6:00 PM,Kerala,168,8,11,0,176
433,28/03/20,6:00 PM,Ladakh,13,0,3,0,13
434,28/03/20,6:00 PM,Madhya Pradesh,30,0,0,2,30
435,28/03/20,6:00 PM,Maharashtra,177,3,25,5,180
436,28/03/20,6:00 PM,Manipur,1,0,0,0,1
437,28/03/20,6:00 PM,Mizoram,1,0,0,0,1
438,28/03/20,6:00 PM,Odisha,3,0,0,0,3
439,28/03/20,6:00 PM,Puducherry,1,0,0,0,1
440,28/03/20,6:00 PM,Punjab,38,0,1,1,38
441,28/03/20,6:00 PM,Rajasthan,52,2,3,0,54
442,28/03/20,6:00 PM,Tamil Nadu,34,6,2,1,40
443,28/03/20,6:00 PM,Telengana,46,10,1,0,56
444,28/03/20,6:00 PM,Uttarakhand,4,1,0,0,5
445,28/03/20,6:00 PM,Uttar Pradesh,54,1,11,0,55
446,28/03/20,6:00 PM,West Bengal,15,0,0,1,15
447,29/03/20,7:30 PM,Andhra Pradesh,-,-,1,0,19
448,29/03/20,7:30 PM,Andaman and Nicobar Islands,-,-,0,0,9
449,29/03/20,7:30 PM,Bihar,-,-,0,1,11
450,29/03/20,7:30 PM,Chandigarh,-,-,0,0,8
451,29/03/20,7:30 PM,Chhattisgarh,-,-,0,0,7
452,29/03/20,7:30 PM,Delhi,-,-,6,2,49
453,29/03/20,7:30 PM,Goa,-,-,0,0,5
454,29/03/20,7:30 PM,Gujarat,-,-,1,5,58
455,29/03/20,7:30 PM,Haryana,-,-,17,0,33
456,29/03/20,7:30 PM,Himachal Pradesh,-,-,0,1,3
457,29/03/20,7:30 PM,Jammu and Kashmir,-,-,1,2,31
458,29/03/20,7:30 PM,Karnataka,-,-,5,3,76
459,29/03/20,7:30 PM,Kerala,-,-,15,1,182
460,29/03/20,7:30 PM,Ladakh,-,-,3,0,13
461,29/03/20,7:30 PM,Madhya Pradesh,-,-,0,2,30
462,29/03/20,7:30 PM,Maharashtra,-,-,25,6,186
463,29/03/20,7:30 PM,Manipur,-,-,0,0,1
464,29/03/20,7:30 PM,Mizoram,-,-,0,0,1
465,29/03/20,7:30 PM,Odisha,-,-,0,0,3
466,29/03/20,7:30 PM,Puducherry,-,-,0,0,1
467,29/03/20,7:30 PM,Punjab,-,-,1,1,38
468,29/03/20,7:30 PM,Rajasthan,-,-,3,0,55
469,29/03/20,7:30 PM,Tamil Nadu,-,-,4,1,49
470,29/03/20,7:30 PM,Telengana,-,-,1,1,66
471,29/03/20,7:30 PM,Uttarakhand,-,-,2,0,7
472,29/03/20,7:30 PM,Uttar Pradesh,-,-,11,0,65
473,29/03/20,7:30 PM,West Bengal,-,-,0,1,18
474,30/03/20,9:30 PM,Andhra Pradesh,-,-,1,0,23
475,30/03/20,9:30 PM,Andaman and Nicobar Islands,-,-,0,0,9
476,30/03/20,9:30 PM,Bihar,-,-,0,1,15
477,30/03/20,9:30 PM,Chandigarh,-,-,0,0,8
478,30/03/20,9:30 PM,Chhattisgarh,-,-,0,0,7
479,30/03/20,9:30 PM,Delhi,-,-,6,2,87
480,30/03/20,9:30 PM,Goa,-,-,0,0,5
481,30/03/20,9:30 PM,Gujarat,-,-,1,6,69
482,30/03/20,9:30 PM,Haryana,-,-,18,0,36
483,30/03/20,9:30 PM,Himachal Pradesh,-,-,0,1,3
484,30/03/20,9:30 PM,Jammu and Kashmir,-,-,2,2,48
485,30/03/20,9:30 PM,Karnataka,-,-,5,3,83
486,30/03/20,9:30 PM,Kerala,-,-,19,1,202
487,30/03/20,9:30 PM,Ladakh,-,-,3,0,13
488,30/03/20,9:30 PM,Madhya Pradesh,-,-,0,3,47
489,30/03/20,9:30 PM,Maharashtra,-,-,25,8,198
490,30/03/20,9:30 PM,Manipur,-,-,0,0,1
491,30/03/20,9:30 PM,Mizoram,-,-,0,0,1
492,30/03/20,9:30 PM,Odisha,-,-,0,0,3
493,30/03/20,9:30 PM,Puducherry,-,-,0,0,1
494,30/03/20,9:30 PM,Punjab,-,-,1,1,38
495,30/03/20,9:30 PM,Rajasthan,-,-,3,0,59
496,30/03/20,9:30 PM,Tamil Nadu,-,-,4,1,67
497,30/03/20,9:30 PM,Telengana,-,-,1,1,71
498,30/03/20,9:30 PM,Uttarakhand,-,-,2,0,7
499,30/03/20,9:30 PM,Uttar Pradesh,-,-,11,0,82
500,30/03/20,9:30 PM,West Bengal,-,-,0,1,22
501,30/03/20,9:30 PM,Unassigned,-,-,0,0,46
502,31/03/20,8:30 PM,Andhra Pradesh,-,-,1,0,40
503,31/03/20,8:30 PM,Andaman and Nicobar Islands,-,-,0,0,10
504,31/03/20,8:30 PM,Bihar,-,-,0,1,15
505,31/03/20,8:30 PM,Chandigarh,-,-,0,0,13
506,31/03/20,8:30 PM,Chhattisgarh,-,-,0,0,8
507,31/03/20,8:30 PM,Delhi,-,-,6,2,97
508,31/03/20,8:30 PM,Goa,-,-,0,0,5
509,31/03/20,8:30 PM,Gujarat,-,-,3,6,73
510,31/03/20,8:30 PM,Haryana,-,-,21,0,40
511,31/03/20,8:30 PM,Himachal Pradesh,-,-,0,1,3
512,31/03/20,8:30 PM,Jammu and Kashmir,-,-,2,2,54
513,31/03/20,8:30 PM,Karnataka,-,-,5,3,83
514,31/03/20,8:30 PM,Kerala,-,-,19,1,234
515,31/03/20,8:30 PM,Ladakh,-,-,3,0,13
516,31/03/20,8:30 PM,Madhya Pradesh,-,-,0,3,47
517,31/03/20,8:30 PM,Maharashtra,-,-,39,9,216
518,31/03/20,8:30 PM,Manipur,-,-,0,0,1
519,31/03/20,8:30 PM,Mizoram,-,-,0,0,1
520,31/03/20,8:30 PM,Odisha,-,-,0,0,3
521,31/03/20,8:30 PM,Puducherry,-,-,0,0,1
522,31/03/20,8:30 PM,Punjab,-,-,1,3,41
523,31/03/20,8:30 PM,Rajasthan,-,-,3,0,74
524,31/03/20,8:30 PM,Tamil Nadu,-,-,4,1,74
525,31/03/20,8:30 PM,Telengana,-,-,1,1,79
526,31/03/20,8:30 PM,Uttarakhand,-,-,2,0,7
527,31/03/20,8:30 PM,Uttar Pradesh,-,-,14,0,101
528,31/03/20,8:30 PM,West Bengal,-,-,0,2,26
529,31/03/20,8:30 PM,Unassigned,-,-,0,0,38
530,01/04/20,7:30 PM,Andhra Pradesh,-,-,1,0,83
531,01/04/20,7:30 PM,Andaman and Nicobar Islands,-,-,0,0,10
532,01/04/20,7:30 PM,Assam,-,-,0,0,1
533,01/04/20,7:30 PM,Bihar,-,-,0,1,23
534,01/04/20,7:30 PM,Chandigarh,-,-,0,0,16
535,01/04/20,7:30 PM,Chhattisgarh,-,-,2,0,9
536,01/04/20,7:30 PM,Delhi,-,-,6,2,152
537,01/04/20,7:30 PM,Goa,-,-,0,0,5
538,01/04/20,7:30 PM,Gujarat,-,-,5,6,82
539,01/04/20,7:30 PM,Haryana,-,-,21,0,43
540,01/04/20,7:30 PM,Himachal Pradesh,-,-,0,1,3
541,01/04/20,7:30 PM,Jammu and Kashmir,-,-,2,2,62
542,01/04/20,7:30 PM,Jharkhand,-,-,0,0,1
543,01/04/20,7:30 PM,Karnataka,-,-,8,3,101
544,01/04/20,7:30 PM,Kerala,-,-,23,2,241
545,01/04/20,7:30 PM,Ladakh,-,-,3,0,13
546,01/04/20,7:30 PM,Madhya Pradesh,-,-,0,3,66
547,01/04/20,7:30 PM,Maharashtra,-,-,39,9,302
548,01/04/20,7:30 PM,Manipur,-,-,0,0,1
549,01/04/20,7:30 PM,Mizoram,-,-,0,0,1
550,01/04/20,7:30 PM,Odisha,-,-,0,0,4
551,01/04/20,7:30 PM,Puducherry,-,-,1,0,3
552,01/04/20,7:30 PM,Punjab,-,-,1,3,42
553,01/04/20,7:30 PM,Rajasthan,-,-,3,0,93
554,01/04/20,7:30 PM,Tamil Nadu,-,-,6,1,234
555,01/04/20,7:30 PM,Telengana,-,-,1,3,96
556,01/04/20,7:30 PM,Uttarakhand,-,-,2,0,7
557,01/04/20,7:30 PM,Uttar Pradesh,-,-,14,2,103
558,01/04/20,7:30 PM,West Bengal,-,-,6,3,37
559,02/04/20,6:00 PM,Andhra Pradesh,-,-,1,1,86
560,02/04/20,6:00 PM,Andaman and Nicobar Islands,-,-,0,0,10
561,02/04/20,6:00 PM,Assam,-,-,0,0,5
562,02/04/20,6:00 PM,Bihar,-,-,0,1,24
563,02/04/20,6:00 PM,Chandigarh,-,-,0,0,16
564,02/04/20,6:00 PM,Chhattisgarh,-,-,2,0,9
565,02/04/20,6:00 PM,Delhi,-,-,8,4,219
566,02/04/20,6:00 PM,Goa,-,-,0,0,5
567,02/04/20,6:00 PM,Gujarat,-,-,8,7,87
568,02/04/20,6:00 PM,Haryana,-,-,21,0,43
569,02/04/20,6:00 PM,Himachal Pradesh,-,-,1,1,3
570,02/04/20,6:00 PM,Jammu and Kashmir,-,-,2,2,62
571,02/04/20,6:00 PM,Jharkhand,-,-,0,0,1
572,02/04/20,6:00 PM,Karnataka,-,-,9,3,110
573,02/04/20,6:00 PM,Kerala,-,-,25,2,265
574,02/04/20,6:00 PM,Ladakh,-,-,3,0,13
575,02/04/20,6:00 PM,Madhya Pradesh,-,-,0,6,99
576,02/04/20,6:00 PM,Maharashtra,-,-,42,13,335
577,02/04/20,6:00 PM,Manipur,-,-,0,0,1
578,02/04/20,6:00 PM,Mizoram,-,-,0,0,1
579,02/04/20,6:00 PM,Odisha,-,-,0,0,4
580,02/04/20,6:00 PM,Puducherry,-,-,1,0,3
581,02/04/20,6:00 PM,Punjab,-,-,1,4,46
582,02/04/20,6:00 PM,Rajasthan,-,-,3,0,108
583,02/04/20,6:00 PM,Tamil Nadu,-,-,6,1,234
584,02/04/20,6:00 PM,Telengana,-,-,1,3,107
585,02/04/20,6:00 PM,Uttarakhand,-,-,2,0,7
586,02/04/20,6:00 PM,Uttar Pradesh,-,-,14,2,113
587,02/04/20,6:00 PM,West Bengal,-,-,6,3,53
588,03/04/20,6:00 PM,Andhra Pradesh,-,-,1,1,132
589,03/04/20,6:00 PM,Andaman and Nicobar Islands,-,-,0,0,10
590,03/04/20,6:00 PM,Arunachal Pradesh,-,-,0,0,1
591,03/04/20,6:00 PM,Assam,-,-,0,0,16
592,03/04/20,6:00 PM,Bihar,-,-,0,1,29
593,03/04/20,6:00 PM,Chandigarh,-,-,0,0,18
594,03/04/20,6:00 PM,Chhattisgarh,-,-,3,0,9
595,03/04/20,6:00 PM,Delhi,-,-,8,4,219
596,03/04/20,6:00 PM,Goa,-,-,0,0,6
597,03/04/20,6:00 PM,Gujarat,-,-,10,8,95
598,03/04/20,6:00 PM,Haryana,-,-,24,0,49
599,03/04/20,6:00 PM,Himachal Pradesh,-,-,1,1,6
600,03/04/20,6:00 PM,Jammu and Kashmir,-,-,3,2,75
601,03/04/20,6:00 PM,Jharkhand,-,-,0,0,2
602,03/04/20,6:00 PM,Karnataka,-,-,10,3,124
603,03/04/20,6:00 PM,Kerala,-,-,27,2,286
604,03/04/20,6:00 PM,Ladakh,-,-,3,0,14
605,03/04/20,6:00 PM,Madhya Pradesh,-,-,0,6,104
606,03/04/20,6:00 PM,Maharashtra,-,-,42,16,335
607,03/04/20,6:00 PM,Manipur,-,-,0,0,2
608,03/04/20,6:00 PM,Mizoram,-,-,0,0,1
609,03/04/20,6:00 PM,Odisha,-,-,0,0,5
610,03/04/20,6:00 PM,Puducherry,-,-,1,0,5
611,03/04/20,6:00 PM,Punjab,-,-,1,5,48
612,03/04/20,6:00 PM,Rajasthan,-,-,3,0,167
613,03/04/20,6:00 PM,Tamil Nadu,-,-,6,1,309
614,03/04/20,6:00 PM,Telengana,-,-,1,7,158
615,03/04/20,6:00 PM,Uttarakhand,-,-,2,0,10
616,03/04/20,6:00 PM,Uttar Pradesh,-,-,14,2,172
617,03/04/20,6:00 PM,West Bengal,-,-,3,3,63
618,03/04/20,6:00 PM,Unassigned,-,-,0,0,77
619,04/04/20,6:00 PM,Andhra Pradesh,-,-,1,1,161
620,04/04/20,6:00 PM,Andaman and Nicobar Islands,-,-,0,0,10
621,04/04/20,6:00 PM,Arunachal Pradesh,-,-,0,0,1
622,04/04/20,6:00 PM,Assam,-,-,0,0,24
623,04/04/20,6:00 PM,Bihar,-,-,0,1,30
624,04/04/20,6:00 PM,Chandigarh,-,-,0,0,18
625,04/04/20,6:00 PM,Chhattisgarh,-,-,3,0,9
626,04/04/20,6:00 PM,Delhi,-,-,15,6,445
627,04/04/20,6:00 PM,Goa,-,-,0,0,7
628,04/04/20,6:00 PM,Gujarat,-,-,14,10,105
629,04/04/20,6:00 PM,Haryana,-,-,24,0,49
630,04/04/20,6:00 PM,Himachal Pradesh,-,-,1,1,6
631,04/04/20,6:00 PM,Jammu and Kashmir,-,-,3,2,75
632,04/04/20,6:00 PM,Jharkhand,-,-,0,0,2
633,04/04/20,6:00 PM,Karnataka,-,-,12,3,128
634,04/04/20,6:00 PM,Kerala,-,-,41,2,295
635,04/04/20,6:00 PM,Ladakh,-,-,3,0,14
636,04/04/20,6:00 PM,Madhya Pradesh,-,-,0,6,104
637,04/04/20,6:00 PM,Maharashtra,-,-,42,24,490
638,04/04/20,6:00 PM,Manipur,-,-,0,0,2
639,04/04/20,6:00 PM,Mizoram,-,-,0,0,1
640,04/04/20,6:00 PM,Odisha,-,-,0,0,5
641,04/04/20,6:00 PM,Puducherry,-,-,1,0,5
642,04/04/20,6:00 PM,Punjab,-,-,1,5,57
643,04/04/20,6:00 PM,Rajasthan,-,-,21,0,200
644,04/04/20,6:00 PM,Tamil Nadu,-,-,6,2,411
645,04/04/20,6:00 PM,Telengana,-,-,1,7,159
646,04/04/20,6:00 PM,Uttarakhand,-,-,2,0,16
647,04/04/20,6:00 PM,Uttar Pradesh,-,-,19,2,174
648,04/04/20,6:00 PM,West Bengal,-,-,3,3,69
649,05/04/20,6:00 PM,Andhra Pradesh,-,-,1,1,190
650,05/04/20,6:00 PM,Andaman and Nicobar Islands,-,-,0,0,10
651,05/04/20,6:00 PM,Arunachal Pradesh,-,-,0,0,1
652,05/04/20,6:00 PM,Assam,-,-,0,0,26
653,05/04/20,6:00 PM,Bihar,-,-,0,1,30
654,05/04/20,6:00 PM,Chandigarh,-,-,0,0,18
655,05/04/20,6:00 PM,Chhattisgarh,-,-,3,0,9
656,05/04/20,6:00 PM,Delhi,-,-,18,7,503
657,05/04/20,6:00 PM,Goa,-,-,0,0,7
658,05/04/20,6:00 PM,Gujarat,-,-,18,11,122
659,05/04/20,6:00 PM,Haryana,-,-,25,1,59
660,05/04/20,6:00 PM,Himachal Pradesh,-,-,1,1,6
661,05/04/20,6:00 PM,Jammu and Kashmir,-,-,4,2,106
662,05/04/20,6:00 PM,Jharkhand,-,-,0,0,3
663,05/04/20,6:00 PM,Karnataka,-,-,12,4,144
664,05/04/20,6:00 PM,Kerala,-,-,49,2,306
665,05/04/20,6:00 PM,Ladakh,-,-,10,0,14
666,05/04/20,6:00 PM,Madhya Pradesh,-,-,0,9,165
667,05/04/20,6:00 PM,Maharashtra,-,-,42,24,490
668,05/04/20,6:00 PM,Manipur,-,-,0,0,2
669,05/04/20,6:00 PM,Mizoram,-,-,0,0,1
670,05/04/20,6:00 PM,Odisha,-,-,0,0,20
671,05/04/20,6:00 PM,Puducherry,-,-,1,0,5
672,05/04/20,6:00 PM,Punjab,-,-,1,5,57
673,05/04/20,6:00 PM,Rajasthan,-,-,21,0,200
674,05/04/20,6:00 PM,Tamil Nadu,-,-,6,3,485
675,05/04/20,6:00 PM,Telengana,-,-,32,7,269
676,05/04/20,6:00 PM,Uttarakhand,-,-,2,0,22
677,05/04/20,6:00 PM,Uttar Pradesh,-,-,19,2,227
678,05/04/20,6:00 PM,West Bengal,-,-,10,3,80
679,06/04/20,6:00 PM,Andhra Pradesh,-,-,1,3,226
680,06/04/20,6:00 PM,Andaman and Nicobar Islands,-,-,0,0,10
681,06/04/20,6:00 PM,Arunachal Pradesh,-,-,0,0,1
682,06/04/20,6:00 PM,Assam,-,-,0,0,26
683,06/04/20,6:00 PM,Bihar,-,-,0,1,32
684,06/04/20,6:00 PM,Chandigarh,-,-,0,0,18
685,06/04/20,6:00 PM,Chhattisgarh,-,-,8,0,10
686,06/04/20,6:00 PM,Delhi,-,-,19,7,523
687,06/04/20,6:00 PM,Goa,-,-,0,0,7
688,06/04/20,6:00 PM,Gujarat,-,-,22,12,144
689,06/04/20,6:00 PM,Haryana,-,-,25,1,84
690,06/04/20,6:00 PM,Himachal Pradesh,-,-,2,1,13
691,06/04/20,6:00 PM,Jammu and Kashmir,-,-,4,2,109
692,06/04/20,6:00 PM,Jharkhand,-,-,0,0,4
693,06/04/20,6:00 PM,Karnataka,-,-,12,4,151
694,06/04/20,6:00 PM,Kerala,-,-,55,2,314
695,06/04/20,6:00 PM,Ladakh,-,-,10,0,14
696,06/04/20,6:00 PM,Madhya Pradesh,-,-,0,9,165
697,06/04/20,6:00 PM,Maharashtra,-,-,56,45,748
698,06/04/20,6:00 PM,Manipur,-,-,0,0,2
699,06/04/20,6:00 PM,Mizoram,-,-,0,0,1
700,06/04/20,6:00 PM,Odisha,-,-,2,0,21
701,06/04/20,6:00 PM,Puducherry,-,-,1,0,5
702,06/04/20,6:00 PM,Punjab,-,-,4,6,76
703,06/04/20,6:00 PM,Rajasthan,-,-,21,0,274
704,06/04/20,6:00 PM,Tamil Nadu,-,-,8,5,571
705,06/04/20,6:00 PM,Telengana,-,-,34,7,321
706,06/04/20,6:00 PM,Uttarakhand,-,-,4,0,26
707,06/04/20,6:00 PM,Uttar Pradesh,-,-,21,3,305
708,06/04/20,6:00 PM,West Bengal,-,-,10,3,80
709,07/04/20,6:00 PM,Andhra Pradesh,-,-,1,3,266
710,07/04/20,6:00 PM,Andaman and Nicobar Islands,-,-,0,0,10
711,07/04/20,6:00 PM,Arunachal Pradesh,-,-,0,0,1
712,07/04/20,6:00 PM,Assam,-,-,0,0,26
713,07/04/20,6:00 PM,Bihar,-,-,0,1,32
714,07/04/20,6:00 PM,Chandigarh,-,-,7,0,18
715,07/04/20,6:00 PM,Chhattisgarh,-,-,9,0,10
716,07/04/20,6:00 PM,Delhi,-,-,21,7,576
717,07/04/20,6:00 PM,Goa,-,-,0,0,7
718,07/04/20,6:00 PM,Gujarat,-,-,25,13,165
719,07/04/20,6:00 PM,Haryana,-,-,25,1,90
720,07/04/20,6:00 PM,Himachal Pradesh,-,-,2,1,13
721,07/04/20,6:00 PM,Jammu and Kashmir,-,-,4,2,116
722,07/04/20,6:00 PM,Jharkhand,-,-,0,0,4
723,07/04/20,6:00 PM,Karnataka,-,-,25,4,175
724,07/04/20,6:00 PM,Kerala,-,-,58,2,327
725,07/04/20,6:00 PM,Ladakh,-,-,10,0,14
726,07/04/20,6:00 PM,Madhya Pradesh,-,-,0,13,229
727,07/04/20,6:00 PM,Maharashtra,-,-,56,48,868
728,07/04/20,6:00 PM,Manipur,-,-,0,0,2
729,07/04/20,6:00 PM,Mizoram,-,-,0,0,1
730,07/04/20,6:00 PM,Odisha,-,-,2,1,42
731,07/04/20,6:00 PM,Puducherry,-,-,1,0,5
732,07/04/20,6:00 PM,Punjab,-,-,4,7,91
733,07/04/20,6:00 PM,Rajasthan,-,-,21,3,288
734,07/04/20,6:00 PM,Tamil Nadu,-,-,8,5,621
735,07/04/20,6:00 PM,Telengana,-,-,35,7,364
736,07/04/20,6:00 PM,Tripura,-,-,0,0,1
737,07/04/20,6:00 PM,Uttarakhand,-,-,5,0,31
738,07/04/20,6:00 PM,Uttar Pradesh,-,-,21,3,305
739,07/04/20,6:00 PM,West Bengal,-,-,13,3,91
740,08/04/20,5:00 PM,Andhra Pradesh,-,-,5,4,305
741,08/04/20,5:00 PM,Andaman and Nicobar Islands,-,-,0,0,10
742,08/04/20,5:00 PM,Arunachal Pradesh,-,-,0,0,1
743,08/04/20,5:00 PM,Assam,-,-,0,0,27
744,08/04/20,5:00 PM,Bihar,-,-,0,1,38
745,08/04/20,5:00 PM,Chandigarh,-,-,7,0,18
746,08/04/20,5:00 PM,Chhattisgarh,-,-,9,0,10
747,08/04/20,5:00 PM,Delhi,-,-,21,9,576
748,08/04/20,5:00 PM,Goa,-,-,0,0,7
749,08/04/20,5:00 PM,Gujarat,-,-,25,13,165
750,08/04/20,5:00 PM,Haryana,-,-,28,3,147
751,08/04/20,5:00 PM,Himachal Pradesh,-,-,2,1,18
752,08/04/20,5:00 PM,Jammu and Kashmir,-,-,4,2,116
753,08/04/20,5:00 PM,Jharkhand,-,-,0,0,4
754,08/04/20,5:00 PM,Karnataka,-,-,25,4,175
755,08/04/20,5:00 PM,Kerala,-,-,70,2,336
756,08/04/20,5:00 PM,Ladakh,-,-,10,0,14
757,08/04/20,5:00 PM,Madhya Pradesh,-,-,0,13,229
758,08/04/20,5:00 PM,Maharashtra,-,-,79,64,1018
759,08/04/20,5:00 PM,Manipur,-,-,0,0,2
760,08/04/20,5:00 PM,Mizoram,-,-,0,0,1
761,08/04/20,5:00 PM,Odisha,-,-,2,1,42
762,08/04/20,5:00 PM,Puducherry,-,-,1,0,5
763,08/04/20,5:00 PM,Punjab,-,-,4,7,91
764,08/04/20,5:00 PM,Rajasthan,-,-,21,3,328
765,08/04/20,5:00 PM,Tamil Nadu,-,-,19,7,690
766,08/04/20,5:00 PM,Telengana,-,-,35,7,427
767,08/04/20,5:00 PM,Tripura,-,-,0,0,1
768,08/04/20,5:00 PM,Uttarakhand,-,-,5,0,31
769,08/04/20,5:00 PM,Uttar Pradesh,-,-,26,3,343
770,08/04/20,5:00 PM,West Bengal,-,-,13,5,99
771,09/04/20,5:00 PM,Andhra Pradesh,-,-,6,4,348
772,09/04/20,5:00 PM,Andaman and Nicobar Islands,-,-,0,0,11
773,09/04/20,5:00 PM,Arunachal Pradesh,-,-,0,0,1
774,09/04/20,5:00 PM,Assam,-,-,0,0,28
775,09/04/20,5:00 PM,Bihar,-,-,0,1,39
776,09/04/20,5:00 PM,Chandigarh,-,-,7,0,18
777,09/04/20,5:00 PM,Chhattisgarh,-,-,9,0,10
778,09/04/20,5:00 PM,Delhi,-,-,21,9,669
779,09/04/20,5:00 PM,Goa,-,-,0,0,7
780,09/04/20,5:00 PM,Gujarat,-,-,25,16,179
781,09/04/20,5:00 PM,Haryana,-,-,29,3,169
782,09/04/20,5:00 PM,Himachal Pradesh,-,-,2,1,18
783,09/04/20,5:00 PM,Jammu and Kashmir,-,-,4,4,158
784,09/04/20,5:00 PM,Jharkhand,-,-,0,0,13
785,09/04/20,5:00 PM,Karnataka,-,-,28,5,181
786,09/04/20,5:00 PM,Kerala,-,-,83,2,345
787,09/04/20,5:00 PM,Ladakh,-,-,10,0,14
788,09/04/20,5:00 PM,Madhya Pradesh,-,-,0,16,259
789,09/04/20,5:00 PM,Maharashtra,-,-,117,72,1135
790,09/04/20,5:00 PM,Manipur,-,-,1,0,2
791,09/04/20,5:00 PM,Mizoram,-,-,0,0,1
792,09/04/20,5:00 PM,Odisha,-,-,2,1,42
793,09/04/20,5:00 PM,Puducherry,-,-,1,0,5
794,09/04/20,5:00 PM,Punjab,-,-,4,8,101
795,09/04/20,5:00 PM,Rajasthan,-,-,21,3,383
796,09/04/20,5:00 PM,Tamil Nadu,-,-,21,8,738
797,09/04/20,5:00 PM,Telengana,-,-,35,7,442
798,09/04/20,5:00 PM,Tripura,-,-,0,0,1
799,09/04/20,5:00 PM,Uttarakhand,-,-,5,0,35
800,09/04/20,5:00 PM,Uttar Pradesh,-,-,31,4,410
801,09/04/20,5:00 PM,West Bengal,-,-,16,5,103
802,10/04/20,5:00 PM,Andhra Pradesh,-,-,7,6,363
803,10/04/20,5:00 PM,Andaman and Nicobar Islands,-,-,0,0,11
804,10/04/20,5:00 PM,Arunachal Pradesh,-,-,0,0,1
805,10/04/20,5:00 PM,Assam,-,-,0,0,29
806,10/04/20,5:00 PM,Bihar,-,-,0,1,60
807,10/04/20,5:00 PM,Chandigarh,-,-,7,0,18
808,10/04/20,5:00 PM,Chhattisgarh,-,-,9,0,10
809,10/04/20,5:00 PM,Delhi,-,-,25,13,898
810,10/04/20,5:00 PM,Goa,-,-,1,0,7
811,10/04/20,5:00 PM,Gujarat,-,-,26,17,241
812,10/04/20,5:00 PM,Haryana,-,-,29,3,169
813,10/04/20,5:00 PM,Himachal Pradesh,-,-,6,1,28
814,10/04/20,5:00 PM,Jammu and Kashmir,-,-,6,4,184
815,10/04/20,5:00 PM,Jharkhand,-,-,0,1,13
816,10/04/20,5:00 PM,Karnataka,-,-,30,6,197
817,10/04/20,5:00 PM,Kerala,-,-,96,2,357
818,10/04/20,5:00 PM,Ladakh,-,-,10,0,15
819,10/04/20,5:00 PM,Madhya Pradesh,-,-,0,16,259
820,10/04/20,5:00 PM,Maharashtra,-,-,125,97,1364
821,10/04/20,5:00 PM,Manipur,-,-,1,0,2
822,10/04/20,5:00 PM,Mizoram,-,-,0,0,1
823,10/04/20,5:00 PM,Odisha,-,-,2,1,44
824,10/04/20,5:00 PM,Puducherry,-,-,1,0,5
825,10/04/20,5:00 PM,Punjab,-,-,5,11,132
826,10/04/20,5:00 PM,Rajasthan,-,-,21,3,463
827,10/04/20,5:00 PM,Tamil Nadu,-,-,21,8,834
828,10/04/20,5:00 PM,Telengana,-,-,35,7,473
829,10/04/20,5:00 PM,Tripura,-,-,0,0,1
830,10/04/20,5:00 PM,Uttarakhand,-,-,5,0,35
831,10/04/20,5:00 PM,Uttar Pradesh,-,-,32,4,431
832,10/04/20,5:00 PM,West Bengal,-,-,16,5,116
833,11/04/20,5:00 PM,Andhra Pradesh,-,-,11,6,381
834,11/04/20,5:00 PM,Andaman and Nicobar Islands,-,-,0,0,11
835,11/04/20,5:00 PM,Arunachal Pradesh,-,-,0,0,1
836,11/04/20,5:00 PM,Assam,-,-,0,1,29
837,11/04/20,5:00 PM,Bihar,-,-,0,1,60
838,11/04/20,5:00 PM,Chandigarh,-,-,7,0,18
839,11/04/20,5:00 PM,Chhattisgarh,-,-,9,0,18
840,11/04/20,5:00 PM,Delhi,-,-,25,14,903
841,11/04/20,5:00 PM,Goa,-,-,1,0,7
842,11/04/20,5:00 PM,Gujarat,-,-,31,19,308
843,11/04/20,5:00 PM,Haryana,-,-,29,3,177
844,11/04/20,5:00 PM,Himachal Pradesh,-,-,6,1,28
845,11/04/20,5:00 PM,Jammu and Kashmir,-,-,6,4,207
846,11/04/20,5:00 PM,Jharkhand,-,-,0,1,17
847,11/04/20,5:00 PM,Karnataka,-,-,37,6,214
848,11/04/20,5:00 PM,Kerala,-,-,123,2,364
849,11/04/20,5:00 PM,Ladakh,-,-,10,0,15
850,11/04/20,5:00 PM,Madhya Pradesh,-,-,0,33,443
851,11/04/20,5:00 PM,Maharashtra,-,-,188,110,1574
852,11/04/20,5:00 PM,Manipur,-,-,1,0,2
853,11/04/20,5:00 PM,Mizoram,-,-,0,0,1
854,11/04/20,5:00 PM,Odisha,-,-,2,1,48
855,11/04/20,5:00 PM,Puducherry,-,-,1,0,7
856,11/04/20,5:00 PM,Punjab,-,-,5,11,132
857,11/04/20,5:00 PM,Rajasthan,-,-,21,3,553
858,11/04/20,5:00 PM,Tamil Nadu,-,-,44,8,911
859,11/04/20,5:00 PM,Telengana,-,-,43,9,504
860,11/04/20,5:00 PM,Tripura,-,-,0,0,2
861,11/04/20,5:00 PM,Uttarakhand,-,-,5,0,35
862,11/04/20,5:00 PM,Uttar Pradesh,-,-,32,4,433
863,11/04/20,5:00 PM,West Bengal,-,-,16,5,126
864,12/04/20,5:00 PM,Andhra Pradesh,-,-,11,6,381
865,12/04/20,5:00 PM,Andaman and Nicobar Islands,-,-,10,0,11
866,12/04/20,5:00 PM,Arunachal Pradesh,-,-,0,0,1
867,12/04/20,5:00 PM,Assam,-,-,0,1,29
868,12/04/20,5:00 PM,Bihar,-,-,19,1,64
869,12/04/20,5:00 PM,Chandigarh,-,-,7,0,19
870,12/04/20,5:00 PM,Chhattisgarh,-,-,10,0,25
871,12/04/20,5:00 PM,Delhi,-,-,25,19,1069
872,12/04/20,5:00 PM,Goa,-,-,5,0,7
873,12/04/20,5:00 PM,Gujarat,-,-,44,22,432
874,12/04/20,5:00 PM,Haryana,-,-,29,3,185
875,12/04/20,5:00 PM,Himachal Pradesh,-,-,6,1,32
876,12/04/20,5:00 PM,Jammu and Kashmir,-,-,6,4,224
877,12/04/20,5:00 PM,Jharkhand,-,-,0,1,17
878,12/04/20,5:00 PM,Karnataka,-,-,37,6,226
879,12/04/20,5:00 PM,Kerala,-,-,142,2,374
880,12/04/20,5:00 PM,Ladakh,-,-,10,0,15
881,12/04/20,5:00 PM,Madhya Pradesh,-,-,0,36,564
882,12/04/20,5:00 PM,Maharashtra,-,-,208,127,1761
883,12/04/20,5:00 PM,Manipur,-,-,1,0,2
884,12/04/20,5:00 PM,Mizoram,-,-,0,0,1
885,12/04/20,5:00 PM,Odisha,-,-,12,1,54
886,12/04/20,5:00 PM,Puducherry,-,-,1,0,7
887,12/04/20,5:00 PM,Punjab,-,-,5,11,151
888,12/04/20,5:00 PM,Rajasthan,-,-,21,3,700
889,12/04/20,5:00 PM,Tamil Nadu,-,-,44,10,969
890,12/04/20,5:00 PM,Telengana,-,-,43,9,504
891,12/04/20,5:00 PM,Tripura,-,-,0,0,2
892,12/04/20,5:00 PM,Uttarakhand,-,-,5,0,35
893,12/04/20,5:00 PM,Uttar Pradesh,-,-,45,5,452
894,12/04/20,5:00 PM,West Bengal,-,-,19,5,134
895,13/04/20,5:00 PM,Andhra Pradesh,-,-,11,7,432
896,13/04/20,5:00 PM,Andaman and Nicobar Islands,-,-,10,0,11
897,13/04/20,5:00 PM,Arunachal Pradesh,-,-,0,0,1
898,13/04/20,5:00 PM,Assam,-,-,0,1,31
899,13/04/20,5:00 PM,Bihar,-,-,26,1,64
900,13/04/20,5:00 PM,Chandigarh,-,-,7,0,21
901,13/04/20,5:00 PM,Chhattisgarh,-,-,10,0,31
902,13/04/20,5:00 PM,Delhi,-,-,27,24,1154
903,13/04/20,5:00 PM,Goa,-,-,5,0,7
904,13/04/20,5:00 PM,Gujarat,-,-,47,26,539
905,13/04/20,5:00 PM,Haryana,-,-,29,3,185
906,13/04/20,5:00 PM,Himachal Pradesh,-,-,13,1,32
907,13/04/20,5:00 PM,Jammu and Kashmir,-,-,6,4,245
908,13/04/20,5:00 PM,Jharkhand,-,-,0,2,19
909,13/04/20,5:00 PM,Karnataka,-,-,59,6,247
910,13/04/20,5:00 PM,Kerala,-,-,179,3,376
911,13/04/20,5:00 PM,Ladakh,-,-,10,0,15
912,13/04/20,5:00 PM,Madhya Pradesh,-,-,44,43,604
913,13/04/20,5:00 PM,Maharashtra,-,-,217,149,1985
914,13/04/20,5:00 PM,Manipur,-,-,1,0,2
915,13/04/20,5:00 PM,Mizoram,-,-,0,0,1
916,13/04/20,5:00 PM,Nagaland,-,-,0,0,1
917,13/04/20,5:00 PM,Odisha,-,-,12,1,54
918,13/04/20,5:00 PM,Puducherry,-,-,1,0,7
919,13/04/20,5:00 PM,Punjab,-,-,14,11,167
920,13/04/20,5:00 PM,Rajasthan,-,-,21,3,812
921,13/04/20,5:00 PM,Tamil Nadu,-,-,50,11,1075
922,13/04/20,5:00 PM,Telengana,-,-,100,16,562
923,13/04/20,5:00 PM,Tripura,-,-,0,0,2
924,13/04/20,5:00 PM,Uttarakhand,-,-,5,0,35
925,13/04/20,5:00 PM,Uttar Pradesh,-,-,47,5,483
926,13/04/20,5:00 PM,West Bengal,-,-,29,7,152
927,14/04/20,5:00 PM,Andhra Pradesh,-,-,14,9,473
928,14/04/20,5:00 PM,Andaman and Nicobar Islands,-,-,10,0,11
929,14/04/20,5:00 PM,Arunachal Pradesh,-,-,0,0,1
930,14/04/20,5:00 PM,Assam,-,-,0,1,31
931,14/04/20,5:00 PM,Bihar,-,-,26,1,66
932,14/04/20,5:00 PM,Chandigarh,-,-,7,0,21
933,14/04/20,5:00 PM,Chhattisgarh,-,-,10,0,31
934,14/04/20,5:00 PM,Delhi,-,-,30,28,1510
935,14/04/20,5:00 PM,Goa,-,-,5,0,7
936,14/04/20,5:00 PM,Gujarat,-,-,55,26,617
937,14/04/20,5:00 PM,Haryana,-,-,34,3,199
938,14/04/20,5:00 PM,Himachal Pradesh,-,-,13,1,32
939,14/04/20,5:00 PM,Jammu and Kashmir,-,-,16,4,270
940,14/04/20,5:00 PM,Jharkhand,-,-,0,2,24
941,14/04/20,5:00 PM,Karnataka,-,-,65,9,258
942,14/04/20,5:00 PM,Kerala,-,-,198,3,379
943,14/04/20,5:00 PM,Ladakh,-,-,10,0,15
944,14/04/20,5:00 PM,Madhya Pradesh,-,-,51,50,730
945,14/04/20,5:00 PM,Maharashtra,-,-,229,160,2337
946,14/04/20,5:00 PM,Manipur,-,-,1,0,2
947,14/04/20,5:00 PM,Meghalaya,-,-,0,0,1
948,14/04/20,5:00 PM,Mizoram,-,-,0,0,1
949,14/04/20,5:00 PM,Nagaland,-,-,0,0,1
950,14/04/20,5:00 PM,Odisha,-,-,18,1,55
951,14/04/20,5:00 PM,Puducherry,-,-,1,0,7
952,14/04/20,5:00 PM,Punjab,-,-,14,12,176
953,14/04/20,5:00 PM,Rajasthan,-,-,133,3,879
954,14/04/20,5:00 PM,Tamil Nadu,-,-,58,11,1173
955,14/04/20,5:00 PM,Telengana,-,-,100,17,624
956,14/04/20,5:00 PM,Tripura,-,-,0,0,2
957,14/04/20,5:00 PM,Uttarakhand,-,-,7,0,35
958,14/04/20,5:00 PM,Uttar Pradesh,-,-,49,5,657
959,14/04/20,5:00 PM,West Bengal,-,-,36,7,190
960,15/04/20,5:00 PM,Andaman and Nicobar Islands,-,-,10,0,11
961,15/04/20,5:00 PM,Andhra Pradesh,-,-,16,9,503
962,15/04/20,5:00 PM,Arunachal Pradesh,-,-,0,0,1
963,15/04/20,5:00 PM,Assam,-,-,0,1,33
964,15/04/20,5:00 PM,Bihar,-,-,29,1,70
965,15/04/20,5:00 PM,Chandigarh,-,-,7,0,21
966,15/04/20,5:00 PM,Chhattisgarh,-,-,13,0,33
967,15/04/20,5:00 PM,Delhi,-,-,30,30,1561
968,15/04/20,5:00 PM,Goa,-,-,5,0,7
969,15/04/20,5:00 PM,Gujarat,-,-,59,30,695
970,15/04/20,5:00 PM,Haryana,-,-,34,3,199
971,15/04/20,5:00 PM,Himachal Pradesh,-,-,13,1,33
972,15/04/20,5:00 PM,Jammu and Kashmir,-,-,30,4,278
973,15/04/20,5:00 PM,Jharkhand,-,-,0,2,27
974,15/04/20,5:00 PM,Karnataka,-,-,75,11,277
975,15/04/20,5:00 PM,Kerala,-,-,211,3,387
976,15/04/20,5:00 PM,Ladakh,-,-,10,0,17
977,15/04/20,5:00 PM,Madhya Pradesh,-,-,64,53,987
978,15/04/20,5:00 PM,Maharashtra,-,-,259,178,2687
979,15/04/20,5:00 PM,Manipur,-,-,1,0,2
980,15/04/20,5:00 PM,Meghalaya,-,-,0,1,7
981,15/04/20,5:00 PM,Mizoram,-,-,0,0,1
982,15/04/20,5:00 PM,Nagaland#,-,-,0,0,0
983,15/04/20,5:00 PM,Odisha,-,-,18,1,60
984,15/04/20,5:00 PM,Puducherry,-,-,1,0,7
985,15/04/20,5:00 PM,Punjab,-,-,14,13,186
986,15/04/20,5:00 PM,Rajasthan,-,-,147,3,1005
987,15/04/20,5:00 PM,Tamil Nadu,-,-,81,12,1204
988,15/04/20,5:00 PM,Telengana,-,-,120,18,647
989,15/04/20,5:00 PM,Tripura,-,-,0,0,2
990,15/04/20,5:00 PM,Uttarakhand,-,-,9,0,37
991,15/04/20,5:00 PM,Uttar Pradesh,-,-,51,11,735
992,15/04/20,5:00 PM,West Bengal,-,-,37,7,213
993,16/04/20,5:00 PM,Andaman and Nicobar Islands,-,-,10,0,11
994,16/04/20,5:00 PM,Andhra Pradesh,-,-,20,14,534
995,16/04/20,5:00 PM,Arunachal Pradesh,-,-,0,0,1
996,16/04/20,5:00 PM,Assam,-,-,5,1,33
997,16/04/20,5:00 PM,Bihar,-,-,29,1,74
998,16/04/20,5:00 PM,Chandigarh,-,-,7,0,21
999,16/04/20,5:00 PM,Chhattisgarh,-,-,17,0,33
1000,16/04/20,5:00 PM,Delhi,-,-,42,32,1578
1001,16/04/20,5:00 PM,Goa,-,-,5,0,7
1002,16/04/20,5:00 PM,Gujarat,-,-,64,36,871
1003,16/04/20,5:00 PM,Haryana,-,-,43,3,205
1004,16/04/20,5:00 PM,Himachal Pradesh,-,-,16,1,35
1005,16/04/20,5:00 PM,Jammu and Kashmir,-,-,36,4,300
1006,16/04/20,5:00 PM,Jharkhand,-,-,0,2,28
1007,16/04/20,5:00 PM,Karnataka,-,-,82,13,315
1008,16/04/20,5:00 PM,Kerala,-,-,218,3,388
1009,16/04/20,5:00 PM,Ladakh,-,-,10,0,17
1010,16/04/20,5:00 PM,Madhya Pradesh,-,-,64,53,1120
1011,16/04/20,5:00 PM,Maharashtra,-,-,295,187,2919
1012,16/04/20,5:00 PM,Manipur,-,-,1,0,2
1013,16/04/20,5:00 PM,Meghalaya,-,-,0,1,7
1014,16/04/20,5:00 PM,Mizoram,-,-,0,0,1
1015,16/04/20,5:00 PM,Nagaland#,-,-,0,0,0
1016,16/04/20,5:00 PM,Odisha,-,-,18,1,60
1017,16/04/20,5:00 PM,Puducherry,-,-,1,0,7
1018,16/04/20,5:00 PM,Punjab,-,-,27,13,186
1019,16/04/20,5:00 PM,Rajasthan,-,-,147,3,1023
1020,16/04/20,5:00 PM,Tamil Nadu,-,-,118,14,1242
1021,16/04/20,5:00 PM,Telengana,-,-,120,18,698
1022,16/04/20,5:00 PM,Tripura,-,-,1,0,2
1023,16/04/20,5:00 PM,Uttarakhand,-,-,9,0,37
1024,16/04/20,5:00 PM,Uttar Pradesh,-,-,68,13,773
1025,16/04/20,5:00 PM,West Bengal,-,-,42,7,231
1026,17/04/20,5:00 PM,Andaman and Nicobar Islands,-,-,10,0,11
1027,17/04/20,5:00 PM,Andhra Pradesh,-,-,36,14,572
1028,17/04/20,5:00 PM,Arunachal Pradesh,-,-,0,0,1
1029,17/04/20,5:00 PM,Assam,-,-,5,1,35
1030,17/04/20,5:00 PM,Bihar,-,-,37,1,83
1031,17/04/20,5:00 PM,Chandigarh,-,-,9,0,21
1032,17/04/20,5:00 PM,Chhattisgarh,-,-,23,0,36
1033,17/04/20,5:00 PM,Delhi,-,-,51,38,1640
1034,17/04/20,5:00 PM,Goa,-,-,6,0,7
1035,17/04/20,5:00 PM,Gujarat,-,-,74,38,1021
1036,17/04/20,5:00 PM,Haryana,-,-,43,3,205
1037,17/04/20,5:00 PM,Himachal Pradesh,-,-,16,1,35
1038,17/04/20,5:00 PM,Jammu and Kashmir,-,-,38,4,314
1039,17/04/20,5:00 PM,Jharkhand,-,-,0,2,29
1040,17/04/20,5:00 PM,Karnataka,-,-,82,13,353
1041,17/04/20,5:00 PM,Kerala,-,-,245,3,395
1042,17/04/20,5:00 PM,Ladakh,-,-,14,0,18
1043,17/04/20,5:00 PM,Madhya Pradesh,-,-,65,57,1308
1044,17/04/20,5:00 PM,Maharashtra,-,-,300,194,3205
1045,17/04/20,5:00 PM,Manipur,-,-,1,0,2
1046,17/04/20,5:00 PM,Meghalaya,-,-,0,1,9
1047,17/04/20,5:00 PM,Mizoram,-,-,0,0,1
1048,17/04/20,5:00 PM,Nagaland#,-,-,0,0,0
1049,17/04/20,5:00 PM,Odisha,-,-,19,1,60
1050,17/04/20,5:00 PM,Puducherry,-,-,1,0,7
1051,17/04/20,5:00 PM,Punjab,-,-,27,13,186
1052,17/04/20,5:00 PM,Rajasthan,-,-,164,11,1131
1053,17/04/20,5:00 PM,Tamil Nadu,-,-,180,15,1267
1054,17/04/20,5:00 PM,Telengana,-,-,186,18,743
1055,17/04/20,5:00 PM,Tripura,-,-,1,0,2
1056,17/04/20,5:00 PM,Uttarakhand,-,-,9,0,37
1057,17/04/20,5:00 PM,Uttar Pradesh,-,-,74,14,846
1058,17/04/20,5:00 PM,West Bengal,-,-,51,10,255
1059,18/04/20,5:00 PM,Andaman and Nicobar Islands,-,-,11,0,12
1060,18/04/20,5:00 PM,Andhra Pradesh,-,-,42,15,603
1061,18/04/20,5:00 PM,Arunachal Pradesh,-,-,0,0,1
1062,18/04/20,5:00 PM,Assam,-,-,9,1,35
1063,18/04/20,5:00 PM,Bihar,-,-,37,2,85
1064,18/04/20,5:00 PM,Chandigarh,-,-,9,0,21
1065,18/04/20,5:00 PM,Chhattisgarh,-,-,24,0,36
1066,18/04/20,5:00 PM,Delhi,-,-,72,42,1707
1067,18/04/20,5:00 PM,Goa,-,-,6,0,7
1068,18/04/20,5:00 PM,Gujarat,-,-,88,48,1272
1069,18/04/20,5:00 PM,Haryana,-,-,43,3,225
1070,18/04/20,5:00 PM,Himachal Pradesh,-,-,16,1,38
1071,18/04/20,5:00 PM,Jammu and Kashmir,-,-,42,5,328
1072,18/04/20,5:00 PM,Jharkhand,-,-,0,2,33
1073,18/04/20,5:00 PM,Karnataka,-,-,92,13,371
1074,18/04/20,5:00 PM,Kerala,-,-,255,3,396
1075,18/04/20,5:00 PM,Ladakh,-,-,14,0,18
1076,18/04/20,5:00 PM,Madhya Pradesh,-,-,69,69,1355
1077,18/04/20,5:00 PM,Maharashtra,-,-,331,201,3323
1078,18/04/20,5:00 PM,Manipur,-,-,1,0,2
1079,18/04/20,5:00 PM,Meghalaya,-,-,0,1,11
1080,18/04/20,5:00 PM,Mizoram,-,-,0,0,1
1081,18/04/20,5:00 PM,Nagaland#,-,-,0,0,0
1082,18/04/20,5:00 PM,Odisha,-,-,21,1,60
1083,18/04/20,5:00 PM,Puducherry,-,-,3,0,7
1084,18/04/20,5:00 PM,Punjab,-,-,27,13,202
1085,18/04/20,5:00 PM,Rajasthan,-,-,183,11,1229
1086,18/04/20,5:00 PM,Tamil Nadu,-,-,283,15,1323
1087,18/04/20,5:00 PM,Telengana,-,-,186,18,791
1088,18/04/20,5:00 PM,Tripura,-,-,1,0,2
1089,18/04/20,5:00 PM,Uttarakhand,-,-,9,0,42
1090,18/04/20,5:00 PM,Uttar Pradesh,-,-,86,14,969
1091,18/04/20,5:00 PM,West Bengal,-,-,55,10,287
1092,19/04/20,5:00 PM,Andaman and Nicobar Islands,-,-,11,0,14
1093,19/04/20,5:00 PM,Andhra Pradesh,-,-,42,15,603
1094,19/04/20,5:00 PM,Arunachal Pradesh,-,-,0,0,1
1095,19/04/20,5:00 PM,Assam,-,-,12,1,35
1096,19/04/20,5:00 PM,Bihar,-,-,37,2,86
1097,19/04/20,5:00 PM,Chandigarh,-,-,10,0,23
1098,19/04/20,5:00 PM,Chhattisgarh,-,-,24,0,36
1099,19/04/20,5:00 PM,Delhi,-,-,72,43,1893
1100,19/04/20,5:00 PM,Goa,-,-,6,0,7
1101,19/04/20,5:00 PM,Gujarat,-,-,94,58,1604
1102,19/04/20,5:00 PM,Haryana,-,-,87,3,233
1103,19/04/20,5:00 PM,Himachal Pradesh,-,-,16,1,39
1104,19/04/20,5:00 PM,Jammu and Kashmir,-,-,51,5,341
1105,19/04/20,5:00 PM,Jharkhand,-,-,0,2,35
1106,19/04/20,5:00 PM,Karnataka,-,-,104,14,384
1107,19/04/20,5:00 PM,Kerala,-,-,257,3,400
1108,19/04/20,5:00 PM,Ladakh,-,-,14,0,18
1109,19/04/20,5:00 PM,Madhya Pradesh,-,-,127,70,1407
1110,19/04/20,5:00 PM,Maharashtra,-,-,365,211,3651
1111,19/04/20,5:00 PM,Manipur,-,-,1,0,2
1112,19/04/20,5:00 PM,Meghalaya,-,-,0,1,11
1113,19/04/20,5:00 PM,Mizoram,-,-,0,0,1
1114,19/04/20,5:00 PM,Nagaland#,-,-,0,0,0
1115,19/04/20,5:00 PM,Odisha,-,-,24,1,61
1116,19/04/20,5:00 PM,Puducherry,-,-,3,0,7
1117,19/04/20,5:00 PM,Punjab,-,-,31,16,219
1118,19/04/20,5:00 PM,Rajasthan,-,-,183,11,1351
1119,19/04/20,5:00 PM,Tamil Nadu,-,-,365,15,1372
1120,19/04/20,5:00 PM,Telengana,-,-,186,18,844
1121,19/04/20,5:00 PM,Tripura,-,-,1,0,2
1122,19/04/20,5:00 PM,Uttarakhand,-,-,9,0,42
1123,19/04/20,5:00 PM,Uttar Pradesh,-,-,108,17,1084
1124,19/04/20,5:00 PM,West Bengal,-,-,62,12,310
1125,20/04/20,5:00 PM,Andaman and Nicobar Islands,-,-,11,0,15
1126,20/04/20,5:00 PM,Andhra Pradesh,-,-,92,20,722
1127,20/04/20,5:00 PM,Arunachal Pradesh,-,-,0,0,1
1128,20/04/20,5:00 PM,Assam,-,-,17,1,35
1129,20/04/20,5:00 PM,Bihar,-,-,42,2,96
1130,20/04/20,5:00 PM,Chandigarh,-,-,13,0,26
1131,20/04/20,5:00 PM,Chhattisgarh,-,-,25,0,36
1132,20/04/20,5:00 PM,Delhi,-,-,290,45,2003
1133,20/04/20,5:00 PM,Goa,-,-,7,0,7
1134,20/04/20,5:00 PM,Gujarat,-,-,106,67,1851
1135,20/04/20,5:00 PM,Haryana,-,-,87,3,233
1136,20/04/20,5:00 PM,Himachal Pradesh,-,-,16,1,39
1137,20/04/20,5:00 PM,Jammu and Kashmir,-,-,56,5,350
1138,20/04/20,5:00 PM,Jharkhand,-,-,0,2,42
1139,20/04/20,5:00 PM,Karnataka,-,-,111,16,395
1140,20/04/20,5:00 PM,Kerala,-,-,270,3,402
1141,20/04/20,5:00 PM,Ladakh,-,-,14,0,18
1142,20/04/20,5:00 PM,Madhya Pradesh,-,-,127,74,1485
1143,20/04/20,5:00 PM,Maharashtra,-,-,507,223,4203
1144,20/04/20,5:00 PM,Manipur,-,-,2,0,2
1145,20/04/20,5:00 PM,Meghalaya,-,-,0,1,11
1146,20/04/20,5:00 PM,Mizoram,-,-,0,0,1
1147,20/04/20,5:00 PM,Nagaland,-,-,0,0,0
1148,20/04/20,5:00 PM,Odisha,-,-,24,1,68
1149,20/04/20,5:00 PM,Puducherry,-,-,3,0,7
1150,20/04/20,5:00 PM,Punjab,-,-,31,16,219
1151,20/04/20,5:00 PM,Rajasthan,-,-,183,14,1478
1152,20/04/20,5:00 PM,Tamil Nadu,-,-,411,15,1477
1153,20/04/20,5:00 PM,Telengana,-,-,190,21,873
1154,20/04/20,5:00 PM,Tripura,-,-,1,0,2
1155,20/04/20,5:00 PM,Uttarakhand,-,-,11,0,44
1156,20/04/20,5:00 PM,Uttar Pradesh,-,-,129,17,1176
1157,20/04/20,5:00 PM,West Bengal,-,-,66,12,339
1158,21/04/20,5:00 PM,Andaman and Nicobar Islands,-,-,11,0,16
1159,21/04/20,5:00 PM,Andhra Pradesh,-,-,96,22,757
1160,21/04/20,5:00 PM,Arunachal Pradesh,-,-,1,0,1
1161,21/04/20,5:00 PM,Assam,-,-,19,1,35
1162,21/04/20,5:00 PM,Bihar,-,-,42,2,114
1163,21/04/20,5:00 PM,Chandigarh,-,-,13,0,26
1164,21/04/20,5:00 PM,Chhattisgarh,-,-,25,0,36
1165,21/04/20,5:00 PM,Delhi,-,-,431,47,2081
1166,21/04/20,5:00 PM,Goa,-,-,7,0,7
1167,21/04/20,5:00 PM,Gujarat,-,-,131,77,2066
1168,21/04/20,5:00 PM,Haryana,-,-,127,3,254
1169,21/04/20,5:00 PM,Himachal Pradesh,-,-,16,1,39
1170,21/04/20,5:00 PM,Jammu and Kashmir,-,-,71,5,368
1171,21/04/20,5:00 PM,Jharkhand,-,-,0,2,46
1172,21/04/20,5:00 PM,Karnataka,-,-,114,17,415
1173,21/04/20,5:00 PM,Kerala,-,-,291,3,408
1174,21/04/20,5:00 PM,Ladakh,-,-,14,0,18
1175,21/04/20,5:00 PM,Madhya Pradesh,-,-,127,76,1540
1176,21/04/20,5:00 PM,Maharashtra,-,-,572,232,4669
1177,21/04/20,5:00 PM,Manipur,-,-,2,0,2
1178,21/04/20,5:00 PM,Meghalaya,-,-,0,1,11
1179,21/04/20,5:00 PM,Mizoram,-,-,0,0,1
1180,21/04/20,5:00 PM,Nagaland,-,-,0,0,0
1181,21/04/20,5:00 PM,Odisha,-,-,24,1,74
1182,21/04/20,5:00 PM,Puducherry,-,-,3,0,7
1183,21/04/20,5:00 PM,Punjab,-,-,39,16,245
1184,21/04/20,5:00 PM,Rajasthan,-,-,205,25,1576
1185,21/04/20,5:00 PM,Tamil Nadu,-,-,457,17,1520
1186,21/04/20,5:00 PM,Telengana,-,-,190,23,919
1187,21/04/20,5:00 PM,Tripura,-,-,1,0,2
1188,21/04/20,5:00 PM,Uttarakhand,-,-,18,0,46
1189,21/04/20,5:00 PM,Uttar Pradesh,-,-,140,20,1294
1190,21/04/20,5:00 PM,West Bengal,-,-,73,12,392
1191,22/04/20,5:00 PM,Andaman and Nicobar Islands,-,-,11,0,17
1192,22/04/20,5:00 PM,Andhra Pradesh,-,-,120,24,813
1193,22/04/20,5:00 PM,Arunachal Pradesh,-,-,1,0,1
1194,22/04/20,5:00 PM,Assam,-,-,19,1,35
1195,22/04/20,5:00 PM,Bihar,-,-,46,2,126
1196,22/04/20,5:00 PM,Chandigarh,-,-,14,0,27
1197,22/04/20,5:00 PM,Chhattisgarh,-,-,26,0,36
1198,22/04/20,5:00 PM,Delhi,-,-,611,47,2156
1199,22/04/20,5:00 PM,Goa,-,-,7,0,7
1200,22/04/20,5:00 PM,Gujarat,-,-,144,95,2272
1201,22/04/20,5:00 PM,Haryana,-,-,127,3,254
1202,22/04/20,5:00 PM,Himachal Pradesh,-,-,16,1,39
1203,22/04/20,5:00 PM,Jammu and Kashmir,-,-,81,5,380
1204,22/04/20,5:00 PM,Jharkhand#,-,-,0,3,45
1205,22/04/20,5:00 PM,Karnataka,-,-,129,17,425
1206,22/04/20,5:00 PM,Kerala,-,-,323,3,427
1207,22/04/20,5:00 PM,Ladakh,-,-,14,0,18
1208,22/04/20,5:00 PM,Madhya Pradesh,-,-,148,80,1592
1209,22/04/20,5:00 PM,Maharashtra,-,-,722,251,5221
1210,22/04/20,5:00 PM,Manipur,-,-,2,0,2
1211,22/04/20,5:00 PM,Meghalaya,-,-,0,1,12
1212,22/04/20,5:00 PM,Mizoram,-,-,0,0,1
1213,22/04/20,5:00 PM,Odisha,-,-,30,1,82
1214,22/04/20,5:00 PM,Puducherry,-,-,3,0,7
1215,22/04/20,5:00 PM,Punjab,-,-,49,16,251
1216,22/04/20,5:00 PM,Rajasthan,-,-,230,25,1801
1217,22/04/20,5:00 PM,Tamil Nadu,-,-,635,18,1596
1218,22/04/20,5:00 PM,Telengana,-,-,194,23,945
1219,22/04/20,5:00 PM,Tripura,-,-,1,0,2
1220,22/04/20,5:00 PM,Uttarakhand,-,-,19,0,46
1221,22/04/20,5:00 PM,Uttar Pradesh,-,-,165,21,1412
1222,22/04/20,5:00 PM,West Bengal,-,-,73,15,423
1223,23/04/20,5:00 PM,Andaman and Nicobar Islands,-,-,11,0,18
1224,23/04/20,5:00 PM,Andhra Pradesh,-,-,141,27,895
1225,23/04/20,5:00 PM,Arunachal Pradesh,-,-,1,0,1
1226,23/04/20,5:00 PM,Assam,-,-,19,1,35
1227,23/04/20,5:00 PM,Bihar,-,-,46,2,148
1228,23/04/20,5:00 PM,Chandigarh,-,-,14,0,27
1229,23/04/20,5:00 PM,Chhattisgarh,-,-,28,0,36
1230,23/04/20,5:00 PM,Delhi,-,-,724,48,2248
1231,23/04/20,5:00 PM,Goa,-,-,7,0,7
1232,23/04/20,5:00 PM,Gujarat,-,-,179,103,2407
1233,23/04/20,5:00 PM,Haryana,-,-,140,3,262
1234,23/04/20,5:00 PM,Himachal Pradesh,-,-,18,1,40
1235,23/04/20,5:00 PM,Jammu and Kashmir,-,-,92,5,407
1236,23/04/20,5:00 PM,Jharkhand,-,-,8,3,49
1237,23/04/20,5:00 PM,Karnataka,-,-,141,17,443
1238,23/04/20,5:00 PM,Kerala,-,-,324,3,438
1239,23/04/20,5:00 PM,Ladakh,-,-,14,0,18
1240,23/04/20,5:00 PM,Madhya Pradesh,-,-,148,81,1695
1241,23/04/20,5:00 PM,Maharashtra,-,-,789,269,5652
1242,23/04/20,5:00 PM,Manipur,-,-,2,0,2
1243,23/04/20,5:00 PM,Meghalaya,-,-,0,1,12
1244,23/04/20,5:00 PM,Mizoram,-,-,0,0,1
1245,23/04/20,5:00 PM,Odisha,-,-,32,1,83
1246,23/04/20,5:00 PM,Puducherry,-,-,3,0,7
1247,23/04/20,5:00 PM,Punjab,-,-,65,16,277
1248,23/04/20,5:00 PM,Rajasthan,-,-,230,27,1890
1249,23/04/20,5:00 PM,Tamil Nadu,-,-,662,18,1629
1250,23/04/20,5:00 PM,Telengana,-,-,197,24,960
1251,23/04/20,5:00 PM,Tripura,-,-,1,0,2
1252,23/04/20,5:00 PM,Uttarakhand,-,-,23,0,46
1253,23/04/20,5:00 PM,Uttar Pradesh,-,-,187,21,1509
1254,23/04/20,5:00 PM,West Bengal,-,-,79,15,456
1255,24/04/20,5:00 PM,Andaman and Nicobar Islands,-,-,11,0,22
1256,24/04/20,5:00 PM,Andhra Pradesh,-,-,145,29,955
1257,24/04/20,5:00 PM,Arunachal Pradesh,-,-,1,0,1
1258,24/04/20,5:00 PM,Assam,-,-,19,1,36
1259,24/04/20,5:00 PM,Bihar,-,-,46,2,176
1260,24/04/20,5:00 PM,Chandigarh,-,-,14,0,27
1261,24/04/20,5:00 PM,Chhattisgarh,-,-,28,0,36
1262,24/04/20,5:00 PM,Delhi,-,-,808,50,2376
1263,24/04/20,5:00 PM,Goa,-,-,7,0,7
1264,24/04/20,5:00 PM,Gujarat,-,-,258,112,2624
1265,24/04/20,5:00 PM,Haryana,-,-,156,3,272
1266,24/04/20,5:00 PM,Himachal Pradesh,-,-,18,1,40
1267,24/04/20,5:00 PM,Jammu and Kashmir,-,-,92,5,427
1268,24/04/20,5:00 PM,Jharkhand,-,-,8,3,55
1269,24/04/20,5:00 PM,Karnataka,-,-,150,18,463
1270,24/04/20,5:00 PM,Kerala,-,-,324,3,448
1271,24/04/20,5:00 PM,Ladakh,-,-,14,0,18
1272,24/04/20,5:00 PM,Madhya Pradesh,-,-,203,83,1852
1273,24/04/20,5:00 PM,Maharashtra,-,-,840,283,6430
1274,24/04/20,5:00 PM,Manipur,-,-,2,0,2
1275,24/04/20,5:00 PM,Meghalaya,-,-,0,1,12
1276,24/04/20,5:00 PM,Mizoram,-,-,0,0,1
1277,24/04/20,5:00 PM,Odisha,-,-,33,1,90
1278,24/04/20,5:00 PM,Puducherry,-,-,3,0,7
1279,24/04/20,5:00 PM,Punjab,-,-,65,16,277
1280,24/04/20,5:00 PM,Rajasthan,-,-,230,27,1964
1281,24/04/20,5:00 PM,Tamil Nadu,-,-,752,20,1683
1282,24/04/20,5:00 PM,Telengana,-,-,253,26,984
1283,24/04/20,5:00 PM,Tripura,-,-,1,0,2
1284,24/04/20,5:00 PM,Uttarakhand,-,-,24,0,47
1285,24/04/20,5:00 PM,Uttar Pradesh,-,-,206,24,1604
1286,24/04/20,5:00 PM,West Bengal,-,-,103,15,514
1287,25/04/20,5:00 PM,Andaman and Nicobar Islands,-,-,11,0,27
1288,25/04/20,5:00 PM,Andhra Pradesh,-,-,171,31,1061
1289,25/04/20,5:00 PM,Arunachal Pradesh,-,-,1,0,1
1290,25/04/20,5:00 PM,Assam,-,-,19,1,36
1291,25/04/20,5:00 PM,Bihar,-,-,46,2,228
1292,25/04/20,5:00 PM,Chandigarh,-,-,15,0,28
1293,25/04/20,5:00 PM,Chhattisgarh,-,-,30,0,36
1294,25/04/20,5:00 PM,Delhi,-,-,857,53,2514
1295,25/04/20,5:00 PM,Goa,-,-,7,0,7
1296,25/04/20,5:00 PM,Gujarat,-,-,265,127,2815
1297,25/04/20,5:00 PM,Haryana,-,-,156,3,272
1298,25/04/20,5:00 PM,Himachal Pradesh,-,-,18,1,40
1299,25/04/20,5:00 PM,Jammu and Kashmir,-,-,109,5,454
1300,25/04/20,5:00 PM,Jharkhand,-,-,9,3,59
1301,25/04/20,5:00 PM,Karnataka,-,-,153,18,489
1302,25/04/20,5:00 PM,Kerala,-,-,331,4,451
1303,25/04/20,5:00 PM,Ladakh,-,-,14,0,20
1304,25/04/20,5:00 PM,Madhya Pradesh,-,-,210,92,1952
1305,25/04/20,5:00 PM,Maharashtra,-,-,957,301,6817
1306,25/04/20,5:00 PM,Manipur,-,-,2,0,2
1307,25/04/20,5:00 PM,Meghalaya,-,-,0,1,12
1308,25/04/20,5:00 PM,Mizoram,-,-,0,0,1
1309,25/04/20,5:00 PM,Odisha,-,-,33,1,94
1310,25/04/20,5:00 PM,Puducherry,-,-,3,0,7
1311,25/04/20,5:00 PM,Punjab,-,-,67,17,298
1312,25/04/20,5:00 PM,Rajasthan,-,-,230,27,2034
1313,25/04/20,5:00 PM,Tamil Nadu,-,-,866,22,1755
1314,25/04/20,5:00 PM,Telengana,-,-,253,26,984
1315,25/04/20,5:00 PM,Tripura,-,-,1,0,2
1316,25/04/20,5:00 PM,Uttarakhand,-,-,25,0,48
1317,25/04/20,5:00 PM,Uttar Pradesh,-,-,248,26,1778
1318,25/04/20,5:00 PM,West Bengal,-,-,103,18,571
1319,26/04/20,5:00 PM,Andaman and Nicobar Islands,-,-,11,0,33
1320,26/04/20,5:00 PM,Andhra Pradesh,-,-,231,31,1097
1321,26/04/20,5:00 PM,Arunachal Pradesh,-,-,1,0,1
1322,26/04/20,5:00 PM,Assam,-,-,19,1,36
1323,26/04/20,5:00 PM,Bihar,-,-,46,2,251
1324,26/04/20,5:00 PM,Chandigarh,-,-,17,0,30
1325,26/04/20,5:00 PM,Chhattisgarh,-,-,32,0,37
1326,26/04/20,5:00 PM,Delhi,-,-,869,54,2625
1327,26/04/20,5:00 PM,Goa,-,-,7,0,7
1328,26/04/20,5:00 PM,Gujarat,-,-,282,133,3071
1329,26/04/20,5:00 PM,Haryana,-,-,176,3,289
1330,26/04/20,5:00 PM,Himachal Pradesh,-,-,22,1,40
1331,26/04/20,5:00 PM,Jammu and Kashmir,-,-,112,6,494
1332,26/04/20,5:00 PM,Jharkhand,-,-,13,3,67
1333,26/04/20,5:00 PM,Karnataka,-,-,177,18,501
1334,26/04/20,5:00 PM,Kerala,-,-,338,4,458
1335,26/04/20,5:00 PM,Ladakh,-,-,14,0,20
1336,26/04/20,5:00 PM,Madhya Pradesh,-,-,210,99,2096
1337,26/04/20,5:00 PM,Maharashtra,-,-,1076,323,7628
1338,26/04/20,5:00 PM,Manipur,-,-,2,0,2
1339,26/04/20,5:00 PM,Meghalaya,-,-,0,1,12
1340,26/04/20,5:00 PM,Mizoram,-,-,0,0,1
1341,26/04/20,5:00 PM,Odisha,-,-,34,1,103
1342,26/04/20,5:00 PM,Puducherry,-,-,3,0,7
1343,26/04/20,5:00 PM,Punjab,-,-,67,17,298
1344,26/04/20,5:00 PM,Rajasthan,-,-,493,33,2083
1345,26/04/20,5:00 PM,Tamil Nadu,-,-,960,23,1821
1346,26/04/20,5:00 PM,Telengana,-,-,280,26,991
1347,26/04/20,5:00 PM,Tripura,-,-,2,0,2
1348,26/04/20,5:00 PM,Uttarakhand,-,-,26,0,50
1349,26/04/20,5:00 PM,Uttar Pradesh,-,-,289,29,1843
1350,26/04/20,5:00 PM,West Bengal,-,-,105,18,611
1351,27/04/20,5:00 PM,Andaman and Nicobar Islands,-,-,11,0,33
1352,27/04/20,5:00 PM,Andhra Pradesh,-,-,235,31,1177
1353,27/04/20,5:00 PM,Arunachal Pradesh,-,-,1,0,1
1354,27/04/20,5:00 PM,Assam,-,-,27,1,36
1355,27/04/20,5:00 PM,Bihar,-,-,56,2,277
1356,27/04/20,5:00 PM,Chandigarh,-,-,17,0,30
1357,27/04/20,5:00 PM,Chhattisgarh,-,-,32,0,37
1358,27/04/20,5:00 PM,Delhi,-,-,877,54,2918
1359,27/04/20,5:00 PM,Goa,-,-,7,0,7
1360,27/04/20,5:00 PM,Gujarat,-,-,313,151,3301
1361,27/04/20,5:00 PM,Haryana,-,-,176,3,289
1362,27/04/20,5:00 PM,Himachal Pradesh,-,-,22,1,40
1363,27/04/20,5:00 PM,Jammu and Kashmir,-,-,137,6,523
1364,27/04/20,5:00 PM,Jharkhand,-,-,13,3,82
1365,27/04/20,5:00 PM,Karnataka,-,-,188,20,511
1366,27/04/20,5:00 PM,Kerala,-,-,342,4,469
1367,27/04/20,5:00 PM,Ladakh,-,-,14,0,20
1368,27/04/20,5:00 PM,Madhya Pradesh,-,-,302,106,2168
1369,27/04/20,5:00 PM,Maharashtra,-,-,1188,342,8068
1370,27/04/20,5:00 PM,Manipur,-,-,2,0,2
1371,27/04/20,5:00 PM,Meghalaya,-,-,0,1,12
1372,27/04/20,5:00 PM,Mizoram,-,-,0,0,1
1373,27/04/20,5:00 PM,Odisha,-,-,35,1,108
1374,27/04/20,5:00 PM,Puducherry,-,-,3,0,8
1375,27/04/20,5:00 PM,Punjab,-,-,71,18,313
1376,27/04/20,5:00 PM,Rajasthan,-,-,518,41,2185
1377,27/04/20,5:00 PM,Tamil Nadu,-,-,1020,24,1885
1378,27/04/20,5:00 PM,Telengana,-,-,280,26,1002
1379,27/04/20,5:00 PM,Tripura,-,-,2,0,2
1380,27/04/20,5:00 PM,Uttarakhand,-,-,33,0,51
1381,27/04/20,5:00 PM,Uttar Pradesh,-,-,335,31,1955
1382,27/04/20,5:00 PM,West Bengal,-,-,105,20,649
1383,28/04/20,5:00 PM,Andaman and Nicobar Islands,-,-,11,0,33
1384,28/04/20,5:00 PM,Andhra Pradesh,-,-,258,31,1259
1385,28/04/20,5:00 PM,Arunachal Pradesh,-,-,1,0,1
1386,28/04/20,5:00 PM,Assam,-,-,27,1,38
1387,28/04/20,5:00 PM,Bihar,-,-,57,2,346
1388,28/04/20,5:00 PM,Chandigarh,-,-,17,0,40
1389,28/04/20,5:00 PM,Chhattisgarh,-,-,32,0,37
1390,28/04/20,5:00 PM,Delhi,-,-,877,54,3108
1391,28/04/20,5:00 PM,Goa,-,-,7,0,7
1392,28/04/20,5:00 PM,Gujarat,-,-,394,162,3548
1393,28/04/20,5:00 PM,Haryana,-,-,183,3,296
1394,28/04/20,5:00 PM,Himachal Pradesh,-,-,22,1,40
1395,28/04/20,5:00 PM,Jammu and Kashmir,-,-,164,7,546
1396,28/04/20,5:00 PM,Jharkhand,-,-,17,3,103
1397,28/04/20,5:00 PM,Karnataka,-,-,198,20,520
1398,28/04/20,5:00 PM,Kerala,-,-,355,4,482
1399,28/04/20,5:00 PM,Ladakh,-,-,16,0,22
1400,28/04/20,5:00 PM,Madhya Pradesh,-,-,361,113,2368
1401,28/04/20,5:00 PM,Maharashtra,-,-,1282,369,8590
1402,28/04/20,5:00 PM,Manipur,-,-,2,0,2
1403,28/04/20,5:00 PM,Meghalaya,-,-,0,1,12
1404,28/04/20,5:00 PM,Mizoram,-,-,0,0,1
1405,28/04/20,5:00 PM,Odisha,-,-,37,1,118
1406,28/04/20,5:00 PM,Puducherry,-,-,3,0,8
1407,28/04/20,5:00 PM,Punjab,-,-,71,18,313
1408,28/04/20,5:00 PM,Rajasthan,-,-,669,46,2262
1409,28/04/20,5:00 PM,Tamil Nadu,-,-,1101,24,1937
1410,28/04/20,5:00 PM,Telengana,-,-,321,26,1004
1411,28/04/20,5:00 PM,Tripura,-,-,2,0,2
1412,28/04/20,5:00 PM,Uttarakhand,-,-,33,0,51
1413,28/04/20,5:00 PM,Uttar Pradesh,-,-,400,31,2043
1414,28/04/20,5:00 PM,West Bengal,-,-,109,20,697
1415,29/04/20,5:00 PM,Andaman and Nicobar Islands,-,-,15,0,33
1416,29/04/20,5:00 PM,Andhra Pradesh,-,-,287,31,1332
1417,29/04/20,5:00 PM,Arunachal Pradesh,-,-,1,0,1
1418,29/04/20,5:00 PM,Assam,-,-,27,1,38
1419,29/04/20,5:00 PM,Bihar,-,-,64,2,383
1420,29/04/20,5:00 PM,Chandigarh,-,-,17,0,56
1421,29/04/20,5:00 PM,Chhattisgarh,-,-,34,0,38
1422,29/04/20,5:00 PM,Delhi,-,-,1078,54,3314
1423,29/04/20,5:00 PM,Goa,-,-,7,0,7
1424,29/04/20,5:00 PM,Gujarat,-,-,434,181,3774
1425,29/04/20,5:00 PM,Haryana,-,-,209,3,310
1426,29/04/20,5:00 PM,Himachal Pradesh,-,-,25,1,40
1427,29/04/20,5:00 PM,Jammu and Kashmir,-,-,176,8,565
1428,29/04/20,5:00 PM,Jharkhand,-,-,19,3,105
1429,29/04/20,5:00 PM,Karnataka,-,-,215,20,532
1430,29/04/20,5:00 PM,Kerala,-,-,359,4,486
1431,29/04/20,5:00 PM,Ladakh,-,-,16,0,22
1432,29/04/20,5:00 PM,Madhya Pradesh,-,-,377,119,2561
1433,29/04/20,5:00 PM,Maharashtra,-,-,1388,400,9318
1434,29/04/20,5:00 PM,Manipur,-,-,2,0,2
1435,29/04/20,5:00 PM,Meghalaya,-,-,0,1,12
1436,29/04/20,5:00 PM,Mizoram,-,-,0,0,1
1437,29/04/20,5:00 PM,Odisha,-,-,38,1,119
1438,29/04/20,5:00 PM,Puducherry,-,-,3,0,8
1439,29/04/20,5:00 PM,Punjab,-,-,71,19,322
1440,29/04/20,5:00 PM,Rajasthan,-,-,768,51,2364
1441,29/04/20,5:00 PM,Tamil Nadu,-,-,1168,25,2058
1442,29/04/20,5:00 PM,Telengana,-,-,367,26,1012
1443,29/04/20,5:00 PM,Tripura,-,-,2,0,2
1444,29/04/20,5:00 PM,Uttarakhand,-,-,34,0,54
1445,29/04/20,5:00 PM,Uttar Pradesh,-,-,477,36,2115
1446,29/04/20,5:00 PM,West Bengal,-,-,119,22,725
1447,30/04/20,5:00 PM,Andaman and Nicobar Islands,-,-,15,0,33
1448,30/04/20,5:00 PM,Andhra Pradesh,-,-,321,31,1403
1449,30/04/20,5:00 PM,Arunachal Pradesh,-,-,1,0,1
1450,30/04/20,5:00 PM,Assam,-,-,29,1,42
1451,30/04/20,5:00 PM,Bihar,-,-,65,2,403
1452,30/04/20,5:00 PM,Chandigarh,-,-,17,0,56
1453,30/04/20,5:00 PM,Chhattisgarh,-,-,36,0,38
1454,30/04/20,5:00 PM,Delhi,-,-,1092,56,3439
1455,30/04/20,5:00 PM,Goa,-,-,7,0,7
1456,30/04/20,5:00 PM,Gujarat,-,-,527,197,4082
1457,30/04/20,5:00 PM,Haryana,-,-,209,3,310
1458,30/04/20,5:00 PM,Himachal Pradesh,-,-,25,1,40
1459,30/04/20,5:00 PM,Jammu and Kashmir,-,-,192,8,581
1460,30/04/20,5:00 PM,Jharkhand,-,-,19,3,107
1461,30/04/20,5:00 PM,Karnataka,-,-,223,21,557
1462,30/04/20,5:00 PM,Kerala,-,-,369,4,496
1463,30/04/20,5:00 PM,Ladakh,-,-,16,0,22
1464,30/04/20,5:00 PM,Madhya Pradesh,-,-,461,130,2660
1465,30/04/20,5:00 PM,Maharashtra,-,-,1593,432,9915
1466,30/04/20,5:00 PM,Manipur,-,-,2,0,2
1467,30/04/20,5:00 PM,Meghalaya,-,-,0,1,12
1468,30/04/20,5:00 PM,Mizoram,-,-,0,0,1
1469,30/04/20,5:00 PM,Odisha,-,-,39,1,128
1470,30/04/20,5:00 PM,Puducherry,-,-,5,0,8
1471,30/04/20,5:00 PM,Punjab,-,-,90,19,357
1472,30/04/20,5:00 PM,Rajasthan,-,-,768,51,2438
1473,30/04/20,5:00 PM,Tamil Nadu,-,-,1210,27,2162
1474,30/04/20,5:00 PM,Telengana,-,-,367,26,1012
1475,30/04/20,5:00 PM,Tripura,-,-,2,0,2
1476,30/04/20,5:00 PM,Uttarakhand,-,-,36,0,55
1477,30/04/20,5:00 PM,Uttar Pradesh,-,-,513,39,2203
1478,30/04/20,5:00 PM,West Bengal,-,-,124,22,758